,sex,level,level_value,error_type,error_value,model,model_type
0,0,sentiment,positive,valence,0.21977604858606947,vader,dictionary
1,0,sentiment,positive,salience,0.2244859460479155,vader,dictionary
2,0,sentiment,negative,valence,0.37721262914529297,vader,dictionary
3,0,sentiment,negative,salience,0.20596904937361826,vader,dictionary
4,0,emotion,Sadness,valence,0.3984902661899086,vader,dictionary
5,0,emotion,Sadness,salience,0.22663034224416823,vader,dictionary
6,0,emotion,Affection,valence,0.24608433734939758,vader,dictionary
7,0,emotion,Affection,salience,0.2300830513688096,vader,dictionary
8,0,emotion,Fear,valence,0.372845953002611,vader,dictionary
9,0,emotion,Fear,salience,0.19906635545181728,vader,dictionary
10,0,emotion,Anger,valence,0.31869918699186994,vader,dictionary
11,0,emotion,Anger,salience,0.15524193548387097,vader,dictionary
12,0,emotion,Happiness,valence,0.17496151872755258,vader,dictionary
13,0,emotion,Happiness,salience,0.21560975609756097,vader,dictionary
14,0,mood,Sad,valence,0.3658022348724436,vader,dictionary
15,0,mood,Sad,salience,0.20507399577167018,vader,dictionary
16,0,mood,Supportive,valence,0.2823878069432684,vader,dictionary
17,0,mood,Supportive,salience,0.2633637548891786,vader,dictionary
18,0,mood,Loving,valence,0.14102564102564102,vader,dictionary
19,0,mood,Loving,salience,0.12131147540983607,vader,dictionary
20,0,mood,Afraid,valence,0.34991119005328597,vader,dictionary
21,0,mood,Afraid,salience,0.16055045871559634,vader,dictionary
22,0,mood,Lonely,valence,0.4537037037037037,vader,dictionary
23,0,mood,Lonely,salience,0.2656773575873624,vader,dictionary
24,0,mood,Frustrated,valence,0.30565167243367936,vader,dictionary
25,0,mood,Frustrated,salience,0.17307692307692307,vader,dictionary
26,0,mood,Caring,valence,0.18562874251497005,vader,dictionary
27,0,mood,Caring,salience,0.2,vader,dictionary
28,0,mood,Nervous,valence,0.46306306306306305,vader,dictionary
29,0,mood,Nervous,salience,0.2436548223350254,vader,dictionary
30,0,mood,Furious,valence,0.27146814404432135,vader,dictionary
31,0,mood,Furious,salience,0.10847457627118644,vader,dictionary
32,0,mood,Stressed,valence,0.3547511312217195,vader,dictionary
33,0,mood,Stressed,salience,0.19069239500567536,vader,dictionary
34,0,mood,Anxious,valence,0.36672794117647056,vader,dictionary
35,0,mood,Anxious,salience,0.21704545454545454,vader,dictionary
36,0,mood,Worried,valence,0.35260115606936415,vader,dictionary
37,0,mood,Worried,salience,0.17647058823529413,vader,dictionary
38,0,mood,Happy,valence,0.17474566128067026,vader,dictionary
39,0,mood,Happy,salience,0.20610247553252733,vader,dictionary
40,0,mood,Annoyed,valence,0.39547038327526135,vader,dictionary
41,0,mood,Annoyed,salience,0.17966903073286053,vader,dictionary
42,0,mood,Excited,valence,0.17625899280575538,vader,dictionary
43,0,mood,Excited,salience,0.268370607028754,vader,dictionary
44,0,mood,Angry,valence,0.2948328267477204,vader,dictionary
45,0,mood,Angry,salience,0.137546468401487,vader,dictionary
46,1,sentiment,positive,valence,0.17250361794500724,vader,dictionary
47,1,sentiment,positive,salience,0.17387849454597992,vader,dictionary
48,1,sentiment,negative,valence,0.34959558823529413,vader,dictionary
49,1,sentiment,negative,salience,0.16194130604704043,vader,dictionary
50,1,emotion,Sadness,valence,0.3729093227330683,vader,dictionary
51,1,emotion,Sadness,salience,0.17462981243830208,vader,dictionary
52,1,emotion,Affection,valence,0.19376304801670147,vader,dictionary
53,1,emotion,Affection,salience,0.17810587922319765,vader,dictionary
54,1,emotion,Fear,valence,0.33717087143329294,vader,dictionary
55,1,emotion,Fear,salience,0.15699873896595207,vader,dictionary
56,1,emotion,Anger,valence,0.30824634655532357,vader,dictionary
57,1,emotion,Anger,salience,0.13767078724788548,vader,dictionary
58,1,emotion,Happiness,valence,0.14603638726445745,vader,dictionary
59,1,emotion,Happiness,salience,0.16885375494071148,vader,dictionary
60,1,mood,Sad,valence,0.34903169014084506,vader,dictionary
61,1,mood,Sad,salience,0.15546038543897217,vader,dictionary
62,1,mood,Supportive,valence,0.22527472527472528,vader,dictionary
63,1,mood,Supportive,salience,0.20071383581776192,vader,dictionary
64,1,mood,Loving,valence,0.11592632719393282,vader,dictionary
65,1,mood,Loving,salience,0.11831442463533225,vader,dictionary
66,1,mood,Afraid,valence,0.288117770767613,vader,dictionary
67,1,mood,Afraid,salience,0.12832618025751072,vader,dictionary
68,1,mood,Lonely,valence,0.42402826855123676,vader,dictionary
69,1,mood,Lonely,salience,0.2176,vader,dictionary
70,1,mood,Frustrated,valence,0.32974018794914317,vader,dictionary
71,1,mood,Frustrated,salience,0.15710809871393813,vader,dictionary
72,1,mood,Caring,valence,0.18141592920353983,vader,dictionary
73,1,mood,Caring,salience,0.18141592920353983,vader,dictionary
74,1,mood,Nervous,valence,0.4294282287085166,vader,dictionary
75,1,mood,Nervous,salience,0.20501392757660167,vader,dictionary
76,1,mood,Furious,valence,0.22787028921998248,vader,dictionary
77,1,mood,Furious,salience,0.12338308457711443,vader,dictionary
78,1,mood,Stressed,valence,0.32015209125475286,vader,dictionary
79,1,mood,Stressed,salience,0.15720009427292012,vader,dictionary
80,1,mood,Anxious,valence,0.33648673715451677,vader,dictionary
81,1,mood,Anxious,salience,0.16131301289566236,vader,dictionary
82,1,mood,Worried,valence,0.33829688227082366,vader,dictionary
83,1,mood,Worried,salience,0.13345521023765997,vader,dictionary
84,1,mood,Happy,valence,0.14770218743728677,vader,dictionary
85,1,mood,Happy,salience,0.162492605008874,vader,dictionary
86,1,mood,Annoyed,valence,0.3526436781609195,vader,dictionary
87,1,mood,Annoyed,salience,0.1383108935128519,vader,dictionary
88,1,mood,Excited,valence,0.13895993179880647,vader,dictionary
89,1,mood,Excited,salience,0.19457735247208932,vader,dictionary
90,1,mood,Angry,valence,0.2770219198790627,vader,dictionary
91,1,mood,Angry,salience,0.11802674043337943,vader,dictionary
92,0,sentiment,positive,valence,0.19931638538773766,olmo,llm
93,0,sentiment,positive,salience,0.0,olmo,llm
94,0,sentiment,negative,valence,0.09408779020584641,olmo,llm
95,0,sentiment,negative,salience,0.0,olmo,llm
96,0,emotion,Sadness,valence,0.13753723932472692,olmo,llm
97,0,emotion,Sadness,salience,0.0,olmo,llm
98,0,emotion,Affection,valence,0.2210860366713681,olmo,llm
99,0,emotion,Affection,salience,0.0,olmo,llm
100,0,emotion,Fear,valence,0.1099663582842725,olmo,llm
101,0,emotion,Fear,salience,0.0,olmo,llm
102,0,emotion,Anger,valence,0.051951408632721637,olmo,llm
103,0,emotion,Anger,salience,0.0,olmo,llm
104,0,emotion,Happiness,valence,0.16585365853658537,olmo,llm
105,0,emotion,Happiness,salience,0.0,olmo,llm
106,0,mood,Sad,valence,0.09689922480620156,olmo,llm
107,0,mood,Sad,salience,0.0,olmo,llm
108,0,mood,Supportive,valence,0.25,olmo,llm
109,0,mood,Supportive,salience,0.0,olmo,llm
110,0,mood,Loving,valence,0.1921443736730361,olmo,llm
111,0,mood,Loving,salience,0.0,olmo,llm
112,0,mood,Afraid,valence,0.062370062370062374,olmo,llm
113,0,mood,Afraid,salience,0.0,olmo,llm
114,0,mood,Lonely,valence,0.18024439918533605,olmo,llm
115,0,mood,Lonely,salience,0.0,olmo,llm
116,0,mood,Frustrated,valence,0.061855670103092786,olmo,llm
117,0,mood,Frustrated,salience,0.0,olmo,llm
118,0,mood,Caring,valence,0.22043010752688172,olmo,llm
119,0,mood,Caring,salience,0.0,olmo,llm
120,0,mood,Nervous,valence,0.17590618336886993,olmo,llm
121,0,mood,Nervous,salience,0.0,olmo,llm
122,0,mood,Furious,valence,0.054695562435500514,olmo,llm
123,0,mood,Furious,salience,0.0,olmo,llm
124,0,mood,Stressed,valence,0.0949367088607595,olmo,llm
125,0,mood,Stressed,salience,0.0,olmo,llm
126,0,mood,Anxious,valence,0.11169652265542676,olmo,llm
127,0,mood,Anxious,salience,0.0,olmo,llm
128,0,mood,Worried,valence,0.10636079249217935,olmo,llm
129,0,mood,Worried,salience,0.0,olmo,llm
130,0,mood,Happy,valence,0.1544973544973545,olmo,llm
131,0,mood,Happy,salience,0.0,olmo,llm
132,0,mood,Annoyed,valence,0.05284974093264249,olmo,llm
133,0,mood,Annoyed,salience,0.0,olmo,llm
134,0,mood,Excited,valence,0.17777777777777778,olmo,llm
135,0,mood,Excited,salience,0.0,olmo,llm
136,0,mood,Angry,valence,0.0383419689119171,olmo,llm
137,0,mood,Angry,salience,0.0,olmo,llm
138,1,sentiment,positive,valence,0.17438464747601168,olmo,llm
139,1,sentiment,positive,salience,0.0,olmo,llm
140,1,sentiment,negative,valence,0.06471452175509455,olmo,llm
141,1,sentiment,negative,salience,0.0,olmo,llm
142,1,emotion,Sadness,valence,0.09427609427609428,olmo,llm
143,1,emotion,Sadness,salience,0.0,olmo,llm
144,1,emotion,Affection,valence,0.20700416088765602,olmo,llm
145,1,emotion,Affection,salience,0.0,olmo,llm
146,1,emotion,Fear,valence,0.07624513219922115,olmo,llm
147,1,emotion,Fear,salience,0.0,olmo,llm
148,1,emotion,Anger,valence,0.03480691056910569,olmo,llm
149,1,emotion,Anger,salience,0.0,olmo,llm
150,1,emotion,Happiness,valence,0.12513089005235603,olmo,llm
151,1,emotion,Happiness,salience,0.0,olmo,llm
152,1,mood,Sad,valence,0.0470479704797048,olmo,llm
153,1,mood,Sad,salience,0.0,olmo,llm
154,1,mood,Supportive,valence,0.23700623700623702,olmo,llm
155,1,mood,Supportive,salience,0.0,olmo,llm
156,1,mood,Loving,valence,0.15995872033023736,olmo,llm
157,1,mood,Loving,salience,0.0,olmo,llm
158,1,mood,Afraid,valence,0.05015353121801433,olmo,llm
159,1,mood,Afraid,salience,0.0,olmo,llm
160,1,mood,Lonely,valence,0.1457286432160804,olmo,llm
161,1,mood,Lonely,salience,0.0,olmo,llm
162,1,mood,Frustrated,valence,0.04723618090452261,olmo,llm
163,1,mood,Frustrated,salience,0.0,olmo,llm
164,1,mood,Caring,valence,0.22455403987408185,olmo,llm
165,1,mood,Caring,salience,0.0,olmo,llm
166,1,mood,Nervous,valence,0.10553278688524591,olmo,llm
167,1,mood,Nervous,salience,0.0,olmo,llm
168,1,mood,Furious,valence,0.026530612244897958,olmo,llm
169,1,mood,Furious,salience,0.0,olmo,llm
170,1,mood,Stressed,valence,0.06441717791411043,olmo,llm
171,1,mood,Stressed,salience,0.0,olmo,llm
172,1,mood,Anxious,valence,0.0764525993883792,olmo,llm
173,1,mood,Anxious,salience,0.0,olmo,llm
174,1,mood,Worried,valence,0.08479834539813857,olmo,llm
175,1,mood,Worried,salience,0.0,olmo,llm
176,1,mood,Happy,valence,0.10802469135802469,olmo,llm
177,1,mood,Happy,salience,0.0,olmo,llm
178,1,mood,Annoyed,valence,0.04383282364933741,olmo,llm
179,1,mood,Annoyed,salience,0.0,olmo,llm
180,1,mood,Excited,valence,0.14285714285714285,olmo,llm
181,1,mood,Excited,salience,0.0,olmo,llm
182,1,mood,Angry,valence,0.02142857142857143,olmo,llm
183,1,mood,Angry,salience,0.0,olmo,llm
184,0,sentiment,positive,valence,0.11916461916461916,falcon,llm
185,0,sentiment,positive,salience,0.0,falcon,llm
186,0,sentiment,negative,valence,0.19393492487786892,falcon,llm
187,0,sentiment,negative,salience,0.0,falcon,llm
188,0,emotion,Sadness,valence,0.23807205452775074,falcon,llm
189,0,emotion,Sadness,salience,0.0,falcon,llm
190,0,emotion,Affection,valence,0.1346743948175929,falcon,llm
191,0,emotion,Affection,salience,0.0,falcon,llm
192,0,emotion,Fear,valence,0.2239572632011506,falcon,llm
193,0,emotion,Fear,salience,0.0,falcon,llm
194,0,emotion,Anger,valence,0.13365580448065173,falcon,llm
195,0,emotion,Anger,salience,0.0,falcon,llm
196,0,emotion,Happiness,valence,0.09584828293182983,falcon,llm
197,0,emotion,Happiness,salience,0.0,falcon,llm
198,0,mood,Sad,valence,0.18947368421052632,falcon,llm
199,0,mood,Sad,salience,0.0,falcon,llm
200,0,mood,Supportive,valence,0.15625,falcon,llm
201,0,mood,Supportive,salience,0.0,falcon,llm
202,0,mood,Loving,valence,0.1111111111111111,falcon,llm
203,0,mood,Loving,salience,0.0,falcon,llm
204,0,mood,Afraid,valence,0.1338100102145046,falcon,llm
205,0,mood,Afraid,salience,0.0,falcon,llm
206,0,mood,Lonely,valence,0.288404360753221,falcon,llm
207,0,mood,Lonely,salience,0.0,falcon,llm
208,0,mood,Frustrated,valence,0.14329580348004095,falcon,llm
209,0,mood,Frustrated,salience,0.0,falcon,llm
210,0,mood,Caring,valence,0.13622291021671826,falcon,llm
211,0,mood,Caring,salience,0.0,falcon,llm
212,0,mood,Nervous,valence,0.32714138286893707,falcon,llm
213,0,mood,Nervous,salience,0.0,falcon,llm
214,0,mood,Furious,valence,0.14459049544994945,falcon,llm
215,0,mood,Furious,salience,0.0,falcon,llm
216,0,mood,Stressed,valence,0.19091847265221878,falcon,llm
217,0,mood,Stressed,salience,0.0,falcon,llm
218,0,mood,Anxious,valence,0.23061013443640124,falcon,llm
219,0,mood,Anxious,salience,0.0,falcon,llm
220,0,mood,Worried,valence,0.2380467955239064,falcon,llm
221,0,mood,Worried,salience,0.0,falcon,llm
222,0,mood,Happy,valence,0.08941418293936279,falcon,llm
223,0,mood,Happy,salience,0.0,falcon,llm
224,0,mood,Annoyed,valence,0.13691683569979715,falcon,llm
225,0,mood,Annoyed,salience,0.0,falcon,llm
226,0,mood,Excited,valence,0.10224948875255624,falcon,llm
227,0,mood,Excited,salience,0.0,falcon,llm
228,0,mood,Angry,valence,0.1096311475409836,falcon,llm
229,0,mood,Angry,salience,0.0,falcon,llm
230,1,sentiment,positive,valence,0.0984540276647681,falcon,llm
231,1,sentiment,positive,salience,0.0,falcon,llm
232,1,sentiment,negative,valence,0.1372012406495165,falcon,llm
233,1,sentiment,negative,salience,0.0,falcon,llm
234,1,emotion,Sadness,valence,0.17739628040057226,falcon,llm
235,1,emotion,Sadness,salience,0.0,falcon,llm
236,1,emotion,Affection,valence,0.11573916012290884,falcon,llm
237,1,emotion,Affection,salience,0.0,falcon,llm
238,1,emotion,Fear,valence,0.16221724067658447,falcon,llm
239,1,emotion,Fear,salience,0.0,falcon,llm
240,1,emotion,Anger,valence,0.08489135927235977,falcon,llm
241,1,emotion,Anger,salience,0.0,falcon,llm
242,1,emotion,Happiness,valence,0.07297433316557625,falcon,llm
243,1,emotion,Happiness,salience,0.0,falcon,llm
244,1,mood,Sad,valence,0.11386593204775022,falcon,llm
245,1,mood,Sad,salience,0.0,falcon,llm
246,1,mood,Supportive,valence,0.12846865364850976,falcon,llm
247,1,mood,Supportive,salience,0.0,falcon,llm
248,1,mood,Loving,valence,0.08998988877654196,falcon,llm
249,1,mood,Loving,salience,0.0,falcon,llm
250,1,mood,Afraid,valence,0.10851926977687627,falcon,llm
251,1,mood,Afraid,salience,0.0,falcon,llm
252,1,mood,Lonely,valence,0.24603174603174602,falcon,llm
253,1,mood,Lonely,salience,0.0,falcon,llm
254,1,mood,Frustrated,valence,0.10240963855421686,falcon,llm
255,1,mood,Frustrated,salience,0.0,falcon,llm
256,1,mood,Caring,valence,0.12926577042399173,falcon,llm
257,1,mood,Caring,salience,0.0,falcon,llm
258,1,mood,Nervous,valence,0.2230142566191446,falcon,llm
259,1,mood,Nervous,salience,0.0,falcon,llm
260,1,mood,Furious,valence,0.06382978723404255,falcon,llm
261,1,mood,Furious,salience,0.0,falcon,llm
262,1,mood,Stressed,valence,0.1437308868501529,falcon,llm
263,1,mood,Stressed,salience,0.0,falcon,llm
264,1,mood,Anxious,valence,0.1529175050301811,falcon,llm
265,1,mood,Anxious,salience,0.0,falcon,llm
266,1,mood,Worried,valence,0.18360995850622408,falcon,llm
267,1,mood,Worried,salience,0.0,falcon,llm
268,1,mood,Happy,valence,0.06539235412474849,falcon,llm
269,1,mood,Happy,salience,0.0,falcon,llm
270,1,mood,Annoyed,valence,0.11931243680485339,falcon,llm
271,1,mood,Annoyed,salience,0.0,falcon,llm
272,1,mood,Excited,valence,0.08056394763343404,falcon,llm
273,1,mood,Excited,salience,0.0,falcon,llm
274,1,mood,Angry,valence,0.0537525354969574,falcon,llm
275,1,mood,Angry,salience,0.0,falcon,llm
276,0,sentiment,positive,valence,0.21491015055852355,pysentimiento_senti,ml
277,0,sentiment,positive,salience,0.4199856476498027,pysentimiento_senti,ml
278,0,sentiment,negative,valence,0.0945732568769218,pysentimiento_senti,ml
279,0,sentiment,negative,salience,0.27070085012383693,pysentimiento_senti,ml
280,0,emotion,Sadness,valence,0.1021370207416719,pysentimiento_senti,ml
281,0,emotion,Sadness,salience,0.30587949465500486,pysentimiento_senti,ml
282,0,emotion,Affection,valence,0.25707453168593064,pysentimiento_senti,ml
283,0,emotion,Affection,salience,0.45544843704352905,pysentimiento_senti,ml
284,0,emotion,Fear,valence,0.1100420926037282,pysentimiento_senti,ml
285,0,emotion,Fear,salience,0.2711154887958631,pysentimiento_senti,ml
286,0,emotion,Anger,valence,0.052069995731967564,pysentimiento_senti,ml
287,0,emotion,Anger,salience,0.16061980347694632,pysentimiento_senti,ml
288,0,emotion,Happiness,valence,0.14916096954630206,pysentimiento_senti,ml
289,0,emotion,Happiness,salience,0.3635518363551836,pysentimiento_senti,ml
290,0,mood,Sad,valence,0.08365019011406843,pysentimiento_senti,ml
291,0,mood,Sad,salience,0.2537255660925102,pysentimiento_senti,ml
292,0,mood,Supportive,valence,0.3103248259860789,pysentimiento_senti,ml
293,0,mood,Supportive,salience,0.5113029182079737,pysentimiento_senti,ml
294,0,mood,Loving,valence,0.11363636363636363,pysentimiento_senti,ml
295,0,mood,Loving,salience,0.2664576802507837,pysentimiento_senti,ml
296,0,mood,Afraid,valence,0.07254901960784314,pysentimiento_senti,ml
297,0,mood,Afraid,salience,0.2063758389261745,pysentimiento_senti,ml
298,0,mood,Lonely,valence,0.13821892393320964,pysentimiento_senti,ml
299,0,mood,Lonely,salience,0.39380097879282216,pysentimiento_senti,ml
300,0,mood,Frustrated,valence,0.056790123456790124,pysentimiento_senti,ml
301,0,mood,Frustrated,salience,0.1932418162618796,pysentimiento_senti,ml
302,0,mood,Caring,valence,0.19455252918287938,pysentimiento_senti,ml
303,0,mood,Caring,salience,0.4119318181818182,pysentimiento_senti,ml
304,0,mood,Nervous,valence,0.21476510067114093,pysentimiento_senti,ml
305,0,mood,Nervous,salience,0.3675675675675676,pysentimiento_senti,ml
306,0,mood,Furious,valence,0.047337278106508875,pysentimiento_senti,ml
307,0,mood,Furious,salience,0.14588859416445624,pysentimiento_senti,ml
308,0,mood,Stressed,valence,0.09000989119683482,pysentimiento_senti,ml
309,0,mood,Stressed,salience,0.22165820642978004,pysentimiento_senti,ml
310,0,mood,Anxious,valence,0.11637931034482758,pysentimiento_senti,ml
311,0,mood,Anxious,salience,0.2997438087105038,pysentimiento_senti,ml
312,0,mood,Worried,valence,0.07906976744186046,pysentimiento_senti,ml
313,0,mood,Worried,salience,0.289048473967684,pysentimiento_senti,ml
314,0,mood,Happy,valence,0.1597069597069597,pysentimiento_senti,ml
315,0,mood,Happy,salience,0.36664826062948647,pysentimiento_senti,ml
316,0,mood,Annoyed,valence,0.07663551401869159,pysentimiento_senti,ml
317,0,mood,Annoyed,salience,0.18883415435139572,pysentimiento_senti,ml
318,0,mood,Excited,valence,0.09016393442622951,pysentimiento_senti,ml
319,0,mood,Excited,salience,0.34705882352941175,pysentimiento_senti,ml
320,0,mood,Angry,valence,0.02878787878787879,pysentimiento_senti,ml
321,0,mood,Angry,salience,0.10098176718092566,pysentimiento_senti,ml
322,1,sentiment,positive,valence,0.15871341945689427,pysentimiento_senti,ml
323,1,sentiment,positive,salience,0.336176409402954,pysentimiento_senti,ml
324,1,sentiment,negative,valence,0.0784688013136289,pysentimiento_senti,ml
325,1,sentiment,negative,salience,0.21801302818127982,pysentimiento_senti,ml
326,1,emotion,Sadness,valence,0.09042076991942703,pysentimiento_senti,ml
327,1,emotion,Sadness,salience,0.2402521098173272,pysentimiento_senti,ml
328,1,emotion,Affection,valence,0.19038175508180466,pysentimiento_senti,ml
329,1,emotion,Affection,salience,0.37600305693542224,pysentimiento_senti,ml
330,1,emotion,Fear,valence,0.085022275208634,pysentimiento_senti,ml
331,1,emotion,Fear,salience,0.23413865546218487,pysentimiento_senti,ml
332,1,emotion,Anger,valence,0.037207806133390524,pysentimiento_senti,ml
333,1,emotion,Anger,salience,0.12749003984063745,pysentimiento_senti,ml
334,1,emotion,Happiness,valence,0.12274774774774774,pysentimiento_senti,ml
335,1,emotion,Happiness,salience,0.28858447488584477,pysentimiento_senti,ml
336,1,mood,Sad,valence,0.07962657880285558,pysentimiento_senti,ml
337,1,mood,Sad,salience,0.20814740931282483,pysentimiento_senti,ml
338,1,mood,Supportive,valence,0.22462822854161232,pysentimiento_senti,ml
339,1,mood,Supportive,salience,0.4066679976043122,pysentimiento_senti,ml
340,1,mood,Loving,valence,0.1105297580117724,pysentimiento_senti,ml
341,1,mood,Loving,salience,0.28270042194092826,pysentimiento_senti,ml
342,1,mood,Afraid,valence,0.05221339387060159,pysentimiento_senti,ml
343,1,mood,Afraid,salience,0.16887856668878568,pysentimiento_senti,ml
344,1,mood,Lonely,valence,0.11544991511035653,pysentimiento_senti,ml
345,1,mood,Lonely,salience,0.30794775293336285,pysentimiento_senti,ml
346,1,mood,Frustrated,valence,0.050261475886112725,pysentimiento_senti,ml
347,1,mood,Frustrated,salience,0.16114960225814728,pysentimiento_senti,ml
348,1,mood,Caring,valence,0.17706821480406387,pysentimiento_senti,ml
349,1,mood,Caring,salience,0.40063424947145876,pysentimiento_senti,ml
350,1,mood,Nervous,valence,0.16581371545547594,pysentimiento_senti,ml
351,1,mood,Nervous,salience,0.35952848722986247,pysentimiento_senti,ml
352,1,mood,Furious,valence,0.024096385542168676,pysentimiento_senti,ml
353,1,mood,Furious,salience,0.08326596604688763,pysentimiento_senti,ml
354,1,mood,Stressed,valence,0.06359832635983263,pysentimiento_senti,ml
355,1,mood,Stressed,salience,0.2039836386270674,pysentimiento_senti,ml
356,1,mood,Anxious,valence,0.10025380710659898,pysentimiento_senti,ml
357,1,mood,Anxious,salience,0.24103479036574488,pysentimiento_senti,ml
358,1,mood,Worried,valence,0.06277292576419213,pysentimiento_senti,ml
359,1,mood,Worried,salience,0.23790501553484245,pysentimiento_senti,ml
360,1,mood,Happy,valence,0.1333490677366061,pysentimiento_senti,ml
361,1,mood,Happy,salience,0.29950400610454025,pysentimiento_senti,ml
362,1,mood,Annoyed,valence,0.03896103896103896,pysentimiento_senti,ml
363,1,mood,Annoyed,salience,0.13879310344827586,pysentimiento_senti,ml
364,1,mood,Excited,valence,0.08157653528872594,pysentimiento_senti,ml
365,1,mood,Excited,salience,0.24548192771084337,pysentimiento_senti,ml
366,1,mood,Angry,valence,0.024593265228906546,pysentimiento_senti,ml
367,1,mood,Angry,salience,0.0912936200211491,pysentimiento_senti,ml
368,0,sentiment,positive,valence,0.5499308437067774,hartmann,ml
369,0,sentiment,positive,salience,0.6360993066428092,hartmann,ml
370,0,sentiment,negative,valence,0.06353229762878168,hartmann,ml
371,0,sentiment,negative,salience,0.25143790849673203,hartmann,ml
372,0,emotion,Sadness,valence,0.06966839062975358,hartmann,ml
373,0,emotion,Sadness,salience,0.27397910731244063,hartmann,ml
374,0,emotion,Affection,valence,0.6186701893439014,hartmann,ml
375,0,emotion,Affection,salience,0.6748028539241457,hartmann,ml
376,0,emotion,Fear,valence,0.06142146826557473,hartmann,ml
377,0,emotion,Fear,salience,0.23903248755039128,hartmann,ml
378,0,emotion,Anger,valence,0.048725972284309346,hartmann,ml
379,0,emotion,Anger,salience,0.19969913501316283,hartmann,ml
380,0,emotion,Happiness,valence,0.4337797619047619,hartmann,ml
381,0,emotion,Happiness,salience,0.5790929203539823,hartmann,ml
382,0,mood,Sad,valence,0.06158218853623875,hartmann,ml
383,0,mood,Sad,salience,0.24662483361855866,hartmann,ml
384,0,mood,Supportive,valence,0.6566878980891719,hartmann,ml
385,0,mood,Supportive,salience,0.7217346411977285,hartmann,ml
386,0,mood,Loving,valence,0.5095541401273885,hartmann,ml
387,0,mood,Loving,salience,0.49563318777292575,hartmann,ml
388,0,mood,Afraid,valence,0.04271844660194175,hartmann,ml
389,0,mood,Afraid,salience,0.19312602291325695,hartmann,ml
390,0,mood,Lonely,valence,0.08418367346938775,hartmann,ml
391,0,mood,Lonely,salience,0.3194312796208531,hartmann,ml
392,0,mood,Frustrated,valence,0.04767879548306148,hartmann,ml
393,0,mood,Frustrated,salience,0.20523560209424083,hartmann,ml
394,0,mood,Caring,valence,0.5826086956521739,hartmann,ml
395,0,mood,Caring,salience,0.6417910447761194,hartmann,ml
396,0,mood,Nervous,valence,0.09836065573770492,hartmann,ml
397,0,mood,Nervous,salience,0.2703150912106136,hartmann,ml
398,0,mood,Furious,valence,0.03636363636363636,hartmann,ml
399,0,mood,Furious,salience,0.16535433070866143,hartmann,ml
400,0,mood,Stressed,valence,0.04604604604604605,hartmann,ml
401,0,mood,Stressed,salience,0.22330888345558272,hartmann,ml
402,0,mood,Anxious,valence,0.07399794450154162,hartmann,ml
403,0,mood,Anxious,salience,0.2535211267605634,hartmann,ml
404,0,mood,Worried,valence,0.04954954954954955,hartmann,ml
405,0,mood,Worried,salience,0.2583479789103691,hartmann,ml
406,0,mood,Happy,valence,0.43996494303242767,hartmann,ml
407,0,mood,Happy,salience,0.581532416502947,hartmann,ml
408,0,mood,Annoyed,valence,0.07942973523421588,hartmann,ml
409,0,mood,Annoyed,salience,0.2602291325695581,hartmann,ml
410,0,mood,Excited,valence,0.39901477832512317,hartmann,ml
411,0,mood,Excited,salience,0.5658362989323843,hartmann,ml
412,0,mood,Angry,valence,0.03231017770597738,hartmann,ml
413,0,mood,Angry,salience,0.15870786516853932,hartmann,ml
414,1,sentiment,positive,valence,0.48196114708603144,hartmann,ml
415,1,sentiment,positive,salience,0.5631825273010921,hartmann,ml
416,1,sentiment,negative,valence,0.05304354897735128,hartmann,ml
417,1,sentiment,negative,salience,0.2055502490277683,hartmann,ml
418,1,emotion,Sadness,valence,0.061813932134062353,hartmann,ml
419,1,emotion,Sadness,salience,0.21742157852592,hartmann,ml
420,1,emotion,Affection,valence,0.5777692749186915,hartmann,ml
421,1,emotion,Affection,salience,0.6311215109476851,hartmann,ml
422,1,emotion,Fear,valence,0.04647212279318085,hartmann,ml
423,1,emotion,Fear,salience,0.19929695858169036,hartmann,ml
424,1,emotion,Anger,valence,0.04139981701738335,hartmann,ml
425,1,emotion,Anger,salience,0.18431296224211755,hartmann,ml
426,1,emotion,Happiness,valence,0.37072412261217236,hartmann,ml
427,1,emotion,Happiness,salience,0.49000900090009003,hartmann,ml
428,1,mood,Sad,valence,0.05454323846669511,hartmann,ml
429,1,mood,Sad,salience,0.20273395344056735,hartmann,ml
430,1,mood,Supportive,valence,0.6375353662370323,hartmann,ml
431,1,mood,Supportive,salience,0.6998958875585632,hartmann,ml
432,1,mood,Loving,valence,0.4475330090340514,hartmann,ml
433,1,mood,Loving,salience,0.44053483462350457,hartmann,ml
434,1,mood,Afraid,valence,0.03899926416482708,hartmann,ml
435,1,mood,Afraid,salience,0.14248194353250165,hartmann,ml
436,1,mood,Lonely,valence,0.0776158940397351,hartmann,ml
437,1,mood,Lonely,salience,0.24827288428324698,hartmann,ml
438,1,mood,Frustrated,valence,0.045882710422364026,hartmann,ml
439,1,mood,Frustrated,salience,0.1987751977545292,hartmann,ml
440,1,mood,Caring,valence,0.5733113673805601,hartmann,ml
441,1,mood,Caring,salience,0.6402777777777777,hartmann,ml
442,1,mood,Nervous,valence,0.06797445255474452,hartmann,ml
443,1,mood,Nervous,salience,0.24889705882352942,hartmann,ml
444,1,mood,Furious,valence,0.028466483011937556,hartmann,ml
445,1,mood,Furious,salience,0.1426256077795786,hartmann,ml
446,1,mood,Stressed,valence,0.04528222409435552,hartmann,ml
447,1,mood,Stressed,salience,0.20640756302521007,hartmann,ml
448,1,mood,Anxious,valence,0.04626407369498465,hartmann,ml
449,1,mood,Anxious,salience,0.20399794976934904,hartmann,ml
450,1,mood,Worried,valence,0.03608247422680412,hartmann,ml
451,1,mood,Worried,salience,0.18624891209747607,hartmann,ml
452,1,mood,Happy,valence,0.3743448275862069,hartmann,ml
453,1,mood,Happy,salience,0.4903370786516854,hartmann,ml
454,1,mood,Annoyed,valence,0.05529225908372828,hartmann,ml
455,1,mood,Annoyed,salience,0.2186411149825784,hartmann,ml
456,1,mood,Excited,valence,0.3557582668187001,hartmann,ml
457,1,mood,Excited,salience,0.48868778280542985,hartmann,ml
458,1,mood,Angry,valence,0.030425963488843813,hartmann,ml
459,1,mood,Angry,salience,0.1545808277325787,hartmann,ml
460,0,sentiment,positive,valence,0.332559219693451,leia,ml
461,0,sentiment,positive,salience,0.0,leia,ml
462,0,sentiment,negative,valence,0.05106674130745786,leia,ml
463,0,sentiment,negative,salience,0.0,leia,ml
464,0,emotion,Sadness,valence,0.050101328529610446,leia,ml
465,0,emotion,Sadness,salience,0.0,leia,ml
466,0,emotion,Affection,valence,0.362094395280236,leia,ml
467,0,emotion,Affection,salience,0.0,leia,ml
468,0,emotion,Fear,valence,0.06257058956403885,leia,ml
469,0,emotion,Fear,salience,0.0,leia,ml
470,0,emotion,Anger,valence,0.035765895953757225,leia,ml
471,0,emotion,Anger,salience,0.0,leia,ml
472,0,emotion,Happiness,valence,0.2823086574654956,leia,ml
473,0,emotion,Happiness,salience,0.0,leia,ml
474,0,mood,Sad,valence,0.044754484508063054,leia,ml
475,0,mood,Sad,salience,0.0,leia,ml
476,0,mood,Supportive,valence,0.40902964959568733,leia,ml
477,0,mood,Supportive,salience,0.0,leia,ml
478,0,mood,Loving,valence,0.2020057306590258,leia,ml
479,0,mood,Loving,salience,0.0,leia,ml
480,0,mood,Afraid,valence,0.036334913112164295,leia,ml
481,0,mood,Afraid,salience,0.0,leia,ml
482,0,mood,Lonely,valence,0.058876003568242644,leia,ml
483,0,mood,Lonely,salience,0.0,leia,ml
484,0,mood,Frustrated,valence,0.038267875125881166,leia,ml
485,0,mood,Frustrated,salience,0.0,leia,ml
486,0,mood,Caring,valence,0.2935323383084577,leia,ml
487,0,mood,Caring,salience,0.0,leia,ml
488,0,mood,Nervous,valence,0.11213517665130568,leia,ml
489,0,mood,Nervous,salience,0.0,leia,ml
490,0,mood,Furious,valence,0.02544529262086514,leia,ml
491,0,mood,Furious,salience,0.0,leia,ml
492,0,mood,Stressed,valence,0.05027494108405342,leia,ml
493,0,mood,Stressed,salience,0.0,leia,ml
494,0,mood,Anxious,valence,0.07505863956215794,leia,ml
495,0,mood,Anxious,salience,0.0,leia,ml
496,0,mood,Worried,valence,0.03553299492385787,leia,ml
497,0,mood,Worried,salience,0.0,leia,ml
498,0,mood,Happy,valence,0.291276490882208,leia,ml
499,0,mood,Happy,salience,0.0,leia,ml
500,0,mood,Annoyed,valence,0.05076923076923077,leia,ml
501,0,mood,Annoyed,salience,0.0,leia,ml
502,0,mood,Excited,valence,0.23204419889502761,leia,ml
503,0,mood,Excited,salience,0.0,leia,ml
504,0,mood,Angry,valence,0.02459016393442623,leia,ml
505,0,mood,Angry,salience,0.0,leia,ml
506,1,sentiment,positive,valence,0.24705737351328033,leia,ml
507,1,sentiment,positive,salience,0.0,leia,ml
508,1,sentiment,negative,valence,0.038130541992586184,leia,ml
509,1,sentiment,negative,salience,0.0,leia,ml
510,1,emotion,Sadness,valence,0.04009402728115481,leia,ml
511,1,emotion,Sadness,salience,0.0,leia,ml
512,1,emotion,Affection,valence,0.2653559924469621,leia,ml
513,1,emotion,Affection,salience,0.0,leia,ml
514,1,emotion,Fear,valence,0.04363814660455994,leia,ml
515,1,emotion,Fear,salience,0.0,leia,ml
516,1,emotion,Anger,valence,0.021996615905245348,leia,ml
517,1,emotion,Anger,salience,0.0,leia,ml
518,1,emotion,Happiness,valence,0.22425249169435216,leia,ml
519,1,emotion,Happiness,salience,0.0,leia,ml
520,1,mood,Sad,valence,0.035914316596246436,leia,ml
521,1,mood,Sad,salience,0.0,leia,ml
522,1,mood,Supportive,valence,0.2870528109028961,leia,ml
523,1,mood,Supportive,salience,0.0,leia,ml
524,1,mood,Loving,valence,0.2106537530266344,leia,ml
525,1,mood,Loving,salience,0.0,leia,ml
526,1,mood,Afraid,valence,0.017766497461928935,leia,ml
527,1,mood,Afraid,salience,0.0,leia,ml
528,1,mood,Lonely,valence,0.048730964467005075,leia,ml
529,1,mood,Lonely,salience,0.0,leia,ml
530,1,mood,Frustrated,valence,0.024324324324324326,leia,ml
531,1,mood,Frustrated,salience,0.0,leia,ml
532,1,mood,Caring,valence,0.25187265917602997,leia,ml
533,1,mood,Caring,salience,0.0,leia,ml
534,1,mood,Nervous,valence,0.07842453816660858,leia,ml
535,1,mood,Nervous,salience,0.0,leia,ml
536,1,mood,Furious,valence,0.016600790513833993,leia,ml
537,1,mood,Furious,salience,0.0,leia,ml
538,1,mood,Stressed,valence,0.030538214948540577,leia,ml
539,1,mood,Stressed,salience,0.0,leia,ml
540,1,mood,Anxious,valence,0.060042770192465865,leia,ml
541,1,mood,Anxious,salience,0.0,leia,ml
542,1,mood,Worried,valence,0.02660472972972973,leia,ml
543,1,mood,Worried,salience,0.0,leia,ml
544,1,mood,Happy,valence,0.23488892715687962,leia,ml
545,1,mood,Happy,salience,0.0,leia,ml
546,1,mood,Annoyed,valence,0.030403998334027488,leia,ml
547,1,mood,Annoyed,salience,0.0,leia,ml
548,1,mood,Excited,valence,0.1806633733239238,leia,ml
549,1,mood,Excited,salience,0.0,leia,ml
550,1,mood,Angry,valence,0.014128187456926258,leia,ml
551,1,mood,Angry,salience,0.0,leia,ml
552,0,sentiment,positive,valence,0.27879213483146065,cardif,ml
553,0,sentiment,positive,salience,0.4151480637813212,cardif,ml
554,0,sentiment,negative,valence,0.09006857230911472,cardif,ml
555,0,sentiment,negative,salience,0.20780788838207673,cardif,ml
556,0,emotion,Sadness,valence,0.09571387199536635,cardif,ml
557,0,emotion,Sadness,salience,0.2403600535214694,cardif,ml
558,0,emotion,Affection,valence,0.33827545844713225,cardif,ml
559,0,emotion,Affection,salience,0.4701655732583568,cardif,ml
560,0,emotion,Fear,valence,0.10194986072423398,cardif,ml
561,0,emotion,Fear,salience,0.20610687022900764,cardif,ml
562,0,emotion,Anger,valence,0.057188884414015304,cardif,ml
563,0,emotion,Anger,salience,0.10853008377760853,cardif,ml
564,0,emotion,Happiness,valence,0.1895845523698069,cardif,ml
565,0,emotion,Happiness,salience,0.3299467827769715,cardif,ml
566,0,mood,Sad,valence,0.08342553662314671,cardif,ml
567,0,mood,Sad,salience,0.19447685725398678,cardif,ml
568,0,mood,Supportive,valence,0.4059462550028588,cardif,ml
569,0,mood,Supportive,salience,0.5398582816651905,cardif,ml
570,0,mood,Loving,valence,0.1609403254972875,cardif,ml
571,0,mood,Loving,salience,0.23809523809523808,cardif,ml
572,0,mood,Afraid,valence,0.06788990825688074,cardif,ml
573,0,mood,Afraid,salience,0.1476510067114094,cardif,ml
574,0,mood,Lonely,valence,0.11897779639715124,cardif,ml
575,0,mood,Lonely,salience,0.31698603442676193,cardif,ml
576,0,mood,Frustrated,valence,0.05172413793103448,cardif,ml
577,0,mood,Frustrated,salience,0.12974683544303797,cardif,ml
578,0,mood,Caring,valence,0.26053639846743293,cardif,ml
579,0,mood,Caring,salience,0.4221556886227545,cardif,ml
580,0,mood,Nervous,valence,0.2028985507246377,cardif,ml
581,0,mood,Nervous,salience,0.3037974683544304,cardif,ml
582,0,mood,Furious,valence,0.05113636363636364,cardif,ml
583,0,mood,Furious,salience,0.10933333333333334,cardif,ml
584,0,mood,Stressed,valence,0.08233117483811286,cardif,ml
585,0,mood,Stressed,salience,0.16216216216216217,cardif,ml
586,0,mood,Anxious,valence,0.10858835143139191,cardif,ml
587,0,mood,Anxious,salience,0.2275449101796407,cardif,ml
588,0,mood,Worried,valence,0.06837606837606838,cardif,ml
589,0,mood,Worried,salience,0.22003577817531306,cardif,ml
590,0,mood,Happy,valence,0.19889502762430938,cardif,ml
591,0,mood,Happy,salience,0.33371625502584723,cardif,ml
592,0,mood,Annoyed,valence,0.09310344827586207,cardif,ml
593,0,mood,Annoyed,salience,0.1174496644295302,cardif,ml
594,0,mood,Excited,valence,0.13793103448275862,cardif,ml
595,0,mood,Excited,salience,0.3098159509202454,cardif,ml
596,0,mood,Angry,valence,0.03671071953010279,cardif,ml
597,0,mood,Angry,salience,0.07213578500707214,cardif,ml
598,1,sentiment,positive,valence,0.20363304578633046,cardif,ml
599,1,sentiment,positive,salience,0.3028608771420273,cardif,ml
600,1,sentiment,negative,valence,0.07821122011036175,cardif,ml
601,1,sentiment,negative,salience,0.15825387105240135,cardif,ml
602,1,emotion,Sadness,valence,0.08977447766499466,cardif,ml
603,1,emotion,Sadness,salience,0.17489527764849092,cardif,ml
604,1,emotion,Affection,valence,0.25130393551446184,cardif,ml
605,1,emotion,Affection,salience,0.36098745447187375,cardif,ml
606,1,emotion,Fear,valence,0.08141901715615005,cardif,ml
607,1,emotion,Fear,salience,0.16846538562779678,cardif,ml
608,1,emotion,Anger,valence,0.0422607976854722,cardif,ml
609,1,emotion,Anger,salience,0.09385081630657933,cardif,ml
610,1,emotion,Happiness,valence,0.15098621050794206,cardif,ml
611,1,emotion,Happiness,salience,0.23509985846831263,cardif,ml
612,1,mood,Sad,valence,0.08032151408049253,cardif,ml
613,1,mood,Sad,salience,0.14842966481921352,cardif,ml
614,1,mood,Supportive,valence,0.2957208354559348,cardif,ml
615,1,mood,Supportive,salience,0.4128265024421321,cardif,ml
616,1,mood,Loving,valence,0.15570307785153892,cardif,ml
617,1,mood,Loving,salience,0.22578859988931932,cardif,ml
618,1,mood,Afraid,valence,0.04858878170775277,cardif,ml
619,1,mood,Afraid,salience,0.11704244031830238,cardif,ml
620,1,mood,Lonely,valence,0.1110968239681111,cardif,ml
621,1,mood,Lonely,salience,0.23069218784776319,cardif,ml
622,1,mood,Frustrated,valence,0.05020689655172414,cardif,ml
623,1,mood,Frustrated,salience,0.11445473251028807,cardif,ml
624,1,mood,Caring,valence,0.22983870967741934,cardif,ml
625,1,mood,Caring,salience,0.3612040133779264,cardif,ml
626,1,mood,Nervous,valence,0.15863636363636363,cardif,ml
627,1,mood,Nervous,salience,0.2654761904761905,cardif,ml
628,1,mood,Furious,valence,0.030638297872340424,cardif,ml
629,1,mood,Furious,salience,0.07323026851098453,cardif,ml
630,1,mood,Stressed,valence,0.06202308745842301,cardif,ml
631,1,mood,Stressed,salience,0.14545454545454545,cardif,ml
632,1,mood,Anxious,valence,0.09389763779527559,cardif,ml
633,1,mood,Anxious,salience,0.17832916815423064,cardif,ml
634,1,mood,Worried,valence,0.06034912718204489,cardif,ml
635,1,mood,Worried,salience,0.16154873164218958,cardif,ml
636,1,mood,Happy,valence,0.16308636562911005,cardif,ml
637,1,mood,Happy,salience,0.2459016393442623,cardif,ml
638,1,mood,Annoyed,valence,0.048588616381304954,cardif,ml
639,1,mood,Annoyed,salience,0.10452961672473868,cardif,ml
640,1,mood,Excited,valence,0.1036846615252785,cardif,ml
641,1,mood,Excited,salience,0.19290123456790123,cardif,ml
642,1,mood,Angry,valence,0.03165255796834744,cardif,ml
643,1,mood,Angry,salience,0.06569602272727272,cardif,ml
644,0,sentiment,positive,valence,0.16714111427409517,llama8,llm
645,0,sentiment,positive,salience,0.0,llama8,llm
646,0,sentiment,negative,valence,0.1296465848745651,llama8,llm
647,0,sentiment,negative,salience,0.0,llama8,llm
648,0,emotion,Sadness,valence,0.16271186440677965,llama8,llm
649,0,emotion,Sadness,salience,0.0,llama8,llm
650,0,emotion,Affection,valence,0.18541033434650456,llama8,llm
651,0,emotion,Affection,salience,0.0,llama8,llm
652,0,emotion,Fear,valence,0.15956796413287141,llama8,llm
653,0,emotion,Fear,salience,0.0,llama8,llm
654,0,emotion,Anger,valence,0.07518987341772151,llama8,llm
655,0,emotion,Anger,salience,0.0,llama8,llm
656,0,emotion,Happiness,valence,0.13949923352069493,llama8,llm
657,0,emotion,Happiness,salience,0.0,llama8,llm
658,0,mood,Sad,valence,0.11058150619637751,llama8,llm
659,0,mood,Sad,salience,0.0,llama8,llm
660,0,mood,Supportive,valence,0.1938061938061938,llama8,llm
661,0,mood,Supportive,salience,0.0,llama8,llm
662,0,mood,Loving,valence,0.16122448979591836,llama8,llm
663,0,mood,Loving,salience,0.0,llama8,llm
664,0,mood,Afraid,valence,0.0935910478128179,llama8,llm
665,0,mood,Afraid,salience,0.0,llama8,llm
666,0,mood,Lonely,valence,0.21653543307086615,llama8,llm
667,0,mood,Lonely,salience,0.0,llama8,llm
668,0,mood,Frustrated,valence,0.0751269035532995,llama8,llm
669,0,mood,Frustrated,salience,0.0,llama8,llm
670,0,mood,Caring,valence,0.2010204081632653,llama8,llm
671,0,mood,Caring,salience,0.0,llama8,llm
672,0,mood,Nervous,valence,0.25281473899692936,llama8,llm
673,0,mood,Nervous,salience,0.0,llama8,llm
674,0,mood,Furious,valence,0.08770161290322581,llama8,llm
675,0,mood,Furious,salience,0.0,llama8,llm
676,0,mood,Stressed,valence,0.12564366632337795,llama8,llm
677,0,mood,Stressed,salience,0.0,llama8,llm
678,0,mood,Anxious,valence,0.17346938775510204,llama8,llm
679,0,mood,Anxious,salience,0.0,llama8,llm
680,0,mood,Worried,valence,0.15261044176706828,llama8,llm
681,0,mood,Worried,salience,0.0,llama8,llm
682,0,mood,Happy,valence,0.12307692307692308,llama8,llm
683,0,mood,Happy,salience,0.0,llama8,llm
684,0,mood,Annoyed,valence,0.0823293172690763,llama8,llm
685,0,mood,Annoyed,salience,0.0,llama8,llm
686,0,mood,Excited,valence,0.15580448065173116,llama8,llm
687,0,mood,Excited,salience,0.0,llama8,llm
688,0,mood,Angry,valence,0.05527123848515865,llama8,llm
689,0,mood,Angry,salience,0.0,llama8,llm
690,1,sentiment,positive,valence,0.133912340941224,llama8,llm
691,1,sentiment,positive,salience,0.0,llama8,llm
692,1,sentiment,negative,valence,0.08737071311921611,llama8,llm
693,1,sentiment,negative,salience,0.0,llama8,llm
694,1,emotion,Sadness,valence,0.11296472831267874,llama8,llm
695,1,emotion,Sadness,salience,0.0,llama8,llm
696,1,emotion,Affection,valence,0.15449628127112913,llama8,llm
697,1,emotion,Affection,salience,0.0,llama8,llm
698,1,emotion,Fear,valence,0.11052843888664785,llama8,llm
699,1,emotion,Fear,salience,0.0,llama8,llm
700,1,emotion,Anger,valence,0.0448814926878467,llama8,llm
701,1,emotion,Anger,salience,0.0,llama8,llm
702,1,emotion,Happiness,valence,0.10336176618163573,llama8,llm
703,1,emotion,Happiness,salience,0.0,llama8,llm
704,1,mood,Sad,valence,0.06445672191528545,llama8,llm
705,1,mood,Sad,salience,0.0,llama8,llm
706,1,mood,Supportive,valence,0.16396761133603238,llama8,llm
707,1,mood,Supportive,salience,0.0,llama8,llm
708,1,mood,Loving,valence,0.13004032258064516,llama8,llm
709,1,mood,Loving,salience,0.0,llama8,llm
710,1,mood,Afraid,valence,0.06572295247724974,llama8,llm
711,1,mood,Afraid,salience,0.0,llama8,llm
712,1,mood,Lonely,valence,0.1650197628458498,llama8,llm
713,1,mood,Lonely,salience,0.0,llama8,llm
714,1,mood,Frustrated,valence,0.05105105105105105,llama8,llm
715,1,mood,Frustrated,salience,0.0,llama8,llm
716,1,mood,Caring,valence,0.16973415132924335,llama8,llm
717,1,mood,Caring,salience,0.0,llama8,llm
718,1,mood,Nervous,valence,0.1622983870967742,llama8,llm
719,1,mood,Nervous,salience,0.0,llama8,llm
720,1,mood,Furious,valence,0.03546099290780142,llama8,llm
721,1,mood,Furious,salience,0.0,llama8,llm
722,1,mood,Stressed,valence,0.08915906788247213,llama8,llm
723,1,mood,Stressed,salience,0.0,llama8,llm
724,1,mood,Anxious,valence,0.10789210789210789,llama8,llm
725,1,mood,Anxious,salience,0.0,llama8,llm
726,1,mood,Worried,valence,0.12740141557128412,llama8,llm
727,1,mood,Worried,salience,0.0,llama8,llm
728,1,mood,Happy,valence,0.09164149043303121,llama8,llm
729,1,mood,Happy,salience,0.0,llama8,llm
730,1,mood,Annoyed,valence,0.06243705941591138,llama8,llm
731,1,mood,Annoyed,salience,0.0,llama8,llm
732,1,mood,Excited,valence,0.115,llama8,llm
733,1,mood,Excited,salience,0.0,llama8,llm
734,1,mood,Angry,valence,0.030395136778115502,llama8,llm
735,1,mood,Angry,salience,0.0,llama8,llm
736,0,sentiment,positive,valence,0.2421427465551943,siebert,ml
737,0,sentiment,positive,salience,0.0,siebert,ml
738,0,sentiment,negative,valence,0.26217577906325806,siebert,ml
739,0,sentiment,negative,salience,0.0,siebert,ml
740,0,emotion,Sadness,valence,0.2822562485926593,siebert,ml
741,0,emotion,Sadness,salience,0.0,siebert,ml
742,0,emotion,Affection,valence,0.2716322517207473,siebert,ml
743,0,emotion,Affection,salience,0.0,siebert,ml
744,0,emotion,Fear,valence,0.26519087418116105,siebert,ml
745,0,emotion,Fear,salience,0.0,siebert,ml
746,0,emotion,Anger,valence,0.19291907514450868,siebert,ml
747,0,emotion,Anger,salience,0.0,siebert,ml
748,0,emotion,Happiness,valence,0.191969887076537,siebert,ml
749,0,emotion,Happiness,salience,0.0,siebert,ml
750,0,mood,Sad,valence,0.2583801413299511,siebert,ml
751,0,mood,Sad,salience,0.0,siebert,ml
752,0,mood,Supportive,valence,0.3146900269541779,siebert,ml
753,0,mood,Supportive,salience,0.0,siebert,ml
754,0,mood,Loving,valence,0.12893982808022922,siebert,ml
755,0,mood,Loving,salience,0.0,siebert,ml
756,0,mood,Afraid,valence,0.20537124802527645,siebert,ml
757,0,mood,Afraid,salience,0.0,siebert,ml
758,0,mood,Lonely,valence,0.3214391911983348,siebert,ml
759,0,mood,Lonely,salience,0.0,siebert,ml
760,0,mood,Frustrated,valence,0.2134944612286002,siebert,ml
761,0,mood,Frustrated,salience,0.0,siebert,ml
762,0,mood,Caring,valence,0.20149253731343283,siebert,ml
763,0,mood,Caring,salience,0.0,siebert,ml
764,0,mood,Nervous,valence,0.3302611367127496,siebert,ml
765,0,mood,Nervous,salience,0.0,siebert,ml
766,0,mood,Furious,valence,0.17302798982188294,siebert,ml
767,0,mood,Furious,salience,0.0,siebert,ml
768,0,mood,Stressed,valence,0.2380204241948154,siebert,ml
769,0,mood,Stressed,salience,0.0,siebert,ml
770,0,mood,Anxious,valence,0.29163408913213446,siebert,ml
771,0,mood,Anxious,salience,0.0,siebert,ml
772,0,mood,Worried,valence,0.25888324873096447,siebert,ml
773,0,mood,Worried,salience,0.0,siebert,ml
774,0,mood,Happy,valence,0.19319862000985707,siebert,ml
775,0,mood,Happy,salience,0.0,siebert,ml
776,0,mood,Annoyed,valence,0.2076923076923077,siebert,ml
777,0,mood,Annoyed,salience,0.0,siebert,ml
778,0,mood,Excited,valence,0.1850828729281768,siebert,ml
779,0,mood,Excited,salience,0.0,siebert,ml
780,0,mood,Angry,valence,0.16256830601092895,siebert,ml
781,0,mood,Angry,salience,0.0,siebert,ml
782,1,sentiment,positive,valence,0.17877611388426695,siebert,ml
783,1,sentiment,positive,salience,0.0,siebert,ml
784,1,sentiment,negative,valence,0.23188595130395023,siebert,ml
785,1,sentiment,negative,salience,0.0,siebert,ml
786,1,emotion,Sadness,valence,0.2557608263806118,siebert,ml
787,1,emotion,Sadness,salience,0.0,siebert,ml
788,1,emotion,Affection,valence,0.19637898478285015,siebert,ml
789,1,emotion,Affection,salience,0.0,siebert,ml
790,1,emotion,Fear,valence,0.23054670262319196,siebert,ml
791,1,emotion,Fear,salience,0.0,siebert,ml
792,1,emotion,Anger,valence,0.16666666666666666,siebert,ml
793,1,emotion,Anger,salience,0.0,siebert,ml
794,1,emotion,Happiness,valence,0.15683831672203766,siebert,ml
795,1,emotion,Happiness,salience,0.0,siebert,ml
796,1,mood,Sad,valence,0.23725066326029282,siebert,ml
797,1,mood,Sad,salience,0.0,siebert,ml
798,1,mood,Supportive,valence,0.2221465076660988,siebert,ml
799,1,mood,Supportive,salience,0.0,siebert,ml
800,1,mood,Loving,valence,0.12832929782082325,siebert,ml
801,1,mood,Loving,salience,0.0,siebert,ml
802,1,mood,Afraid,valence,0.1875,siebert,ml
803,1,mood,Afraid,salience,0.0,siebert,ml
804,1,mood,Lonely,valence,0.29401015228426397,siebert,ml
805,1,mood,Lonely,salience,0.0,siebert,ml
806,1,mood,Frustrated,valence,0.19385749385749385,siebert,ml
807,1,mood,Frustrated,salience,0.0,siebert,ml
808,1,mood,Caring,valence,0.18632958801498128,siebert,ml
809,1,mood,Caring,salience,0.0,siebert,ml
810,1,mood,Nervous,valence,0.31021261763680724,siebert,ml
811,1,mood,Nervous,salience,0.0,siebert,ml
812,1,mood,Furious,valence,0.14071146245059288,siebert,ml
813,1,mood,Furious,salience,0.0,siebert,ml
814,1,mood,Stressed,valence,0.20786232495360216,siebert,ml
815,1,mood,Stressed,salience,0.0,siebert,ml
816,1,mood,Anxious,valence,0.2441190985359434,siebert,ml
817,1,mood,Anxious,salience,0.0,siebert,ml
818,1,mood,Worried,valence,0.21326013513513514,siebert,ml
819,1,mood,Worried,salience,0.0,siebert,ml
820,1,mood,Happy,valence,0.16790080936800414,siebert,ml
821,1,mood,Happy,salience,0.0,siebert,ml
822,1,mood,Annoyed,valence,0.17201166180758018,siebert,ml
823,1,mood,Annoyed,salience,0.0,siebert,ml
824,1,mood,Excited,valence,0.11150317572335922,siebert,ml
825,1,mood,Excited,salience,0.0,siebert,ml
826,1,mood,Angry,valence,0.1354238456237078,siebert,ml
827,1,mood,Angry,salience,0.0,siebert,ml
828,0,sentiment,positive,valence,0.20191451469278718,mistral,llm
829,0,sentiment,positive,salience,0.0,mistral,llm
830,0,sentiment,negative,valence,0.10429146616910537,mistral,llm
831,0,sentiment,negative,salience,0.0,mistral,llm
832,0,emotion,Sadness,valence,0.14964249233912155,mistral,llm
833,0,emotion,Sadness,salience,0.0,mistral,llm
834,0,emotion,Affection,valence,0.22928075940124132,mistral,llm
835,0,emotion,Affection,salience,0.0,mistral,llm
836,0,emotion,Fear,valence,0.12294353045798133,mistral,llm
837,0,emotion,Fear,salience,0.0,mistral,llm
838,0,emotion,Anger,valence,0.05795546015562114,mistral,llm
839,0,emotion,Anger,salience,0.0,mistral,llm
840,0,emotion,Happiness,valence,0.15915573302909297,mistral,llm
841,0,emotion,Happiness,salience,0.0,mistral,llm
842,0,mood,Sad,valence,0.11275964391691394,mistral,llm
843,0,mood,Sad,salience,0.0,mistral,llm
844,0,mood,Supportive,valence,0.2510775862068966,mistral,llm
845,0,mood,Supportive,salience,0.0,mistral,llm
846,0,mood,Loving,valence,0.20765027322404372,mistral,llm
847,0,mood,Loving,salience,0.0,mistral,llm
848,0,mood,Afraid,valence,0.0851063829787234,mistral,llm
849,0,mood,Afraid,salience,0.0,mistral,llm
850,0,mood,Lonely,valence,0.1890179514255544,mistral,llm
851,0,mood,Lonely,salience,0.0,mistral,llm
852,0,mood,Frustrated,valence,0.06256742179072276,mistral,llm
853,0,mood,Frustrated,salience,0.0,mistral,llm
854,0,mood,Caring,valence,0.22879464285714285,mistral,llm
855,0,mood,Caring,salience,0.0,mistral,llm
856,0,mood,Nervous,valence,0.19470046082949308,mistral,llm
857,0,mood,Nervous,salience,0.0,mistral,llm
858,0,mood,Furious,valence,0.05638297872340425,mistral,llm
859,0,mood,Furious,salience,0.0,mistral,llm
860,0,mood,Stressed,valence,0.0907103825136612,mistral,llm
861,0,mood,Stressed,salience,0.0,mistral,llm
862,0,mood,Anxious,valence,0.13692480359147025,mistral,llm
863,0,mood,Anxious,salience,0.0,mistral,llm
864,0,mood,Worried,valence,0.11199095022624435,mistral,llm
865,0,mood,Worried,salience,0.0,mistral,llm
866,0,mood,Happy,valence,0.14940021810250817,mistral,llm
867,0,mood,Happy,salience,0.0,mistral,llm
868,0,mood,Annoyed,valence,0.0718232044198895,mistral,llm
869,0,mood,Annoyed,salience,0.0,mistral,llm
870,0,mood,Excited,valence,0.16985645933014354,mistral,llm
871,0,mood,Excited,salience,0.0,mistral,llm
872,0,mood,Angry,valence,0.041884816753926704,mistral,llm
873,0,mood,Angry,salience,0.0,mistral,llm
874,1,sentiment,positive,valence,0.16868774361195324,mistral,llm
875,1,sentiment,positive,salience,0.0,mistral,llm
876,1,sentiment,negative,valence,0.07349031522977592,mistral,llm
877,1,sentiment,negative,salience,0.0,mistral,llm
878,1,emotion,Sadness,valence,0.10187007874015748,mistral,llm
879,1,emotion,Sadness,salience,0.0,mistral,llm
880,1,emotion,Affection,valence,0.20193687230989957,mistral,llm
881,1,emotion,Affection,salience,0.0,mistral,llm
882,1,emotion,Fear,valence,0.09192439862542956,mistral,llm
883,1,emotion,Fear,salience,0.0,mistral,llm
884,1,emotion,Anger,valence,0.036160249739854315,mistral,llm
885,1,emotion,Anger,salience,0.0,mistral,llm
886,1,emotion,Happiness,valence,0.1180327868852459,mistral,llm
887,1,emotion,Happiness,salience,0.0,mistral,llm
888,1,mood,Sad,valence,0.06046511627906977,mistral,llm
889,1,mood,Sad,salience,0.0,mistral,llm
890,1,mood,Supportive,valence,0.22952586206896552,mistral,llm
891,1,mood,Supportive,salience,0.0,mistral,llm
892,1,mood,Loving,valence,0.15756302521008403,mistral,llm
893,1,mood,Loving,salience,0.0,mistral,llm
894,1,mood,Afraid,valence,0.04911180773249739,mistral,llm
895,1,mood,Afraid,salience,0.0,mistral,llm
896,1,mood,Lonely,valence,0.148380355276907,mistral,llm
897,1,mood,Lonely,salience,0.0,mistral,llm
898,1,mood,Frustrated,valence,0.04361370716510903,mistral,llm
899,1,mood,Frustrated,salience,0.0,mistral,llm
900,1,mood,Caring,valence,0.22026431718061673,mistral,llm
901,1,mood,Caring,salience,0.0,mistral,llm
902,1,mood,Nervous,valence,0.14917127071823205,mistral,llm
903,1,mood,Nervous,salience,0.0,mistral,llm
904,1,mood,Furious,valence,0.02877697841726619,mistral,llm
905,1,mood,Furious,salience,0.0,mistral,llm
906,1,mood,Stressed,valence,0.06652360515021459,mistral,llm
907,1,mood,Stressed,salience,0.0,mistral,llm
908,1,mood,Anxious,valence,0.09513742071881606,mistral,llm
909,1,mood,Anxious,salience,0.0,mistral,llm
910,1,mood,Worried,valence,0.10262008733624454,mistral,llm
911,1,mood,Worried,salience,0.0,mistral,llm
912,1,mood,Happy,valence,0.09883103081827843,mistral,llm
913,1,mood,Happy,salience,0.0,mistral,llm
914,1,mood,Annoyed,valence,0.04792332268370607,mistral,llm
915,1,mood,Annoyed,salience,0.0,mistral,llm
916,1,mood,Excited,valence,0.13835770528683913,mistral,llm
917,1,mood,Excited,salience,0.0,mistral,llm
918,1,mood,Angry,valence,0.02476780185758514,mistral,llm
919,1,mood,Angry,salience,0.0,mistral,llm
920,0,sentiment,positive,valence,0.15891391286045042,granite,llm
921,0,sentiment,positive,salience,0.0,granite,llm
922,0,sentiment,negative,valence,0.12372293560783579,granite,llm
923,0,sentiment,negative,salience,0.0,granite,llm
924,0,emotion,Sadness,valence,0.15631163708086784,granite,llm
925,0,emotion,Sadness,salience,0.0,granite,llm
926,0,emotion,Affection,valence,0.18251480320445837,granite,llm
927,0,emotion,Affection,salience,0.0,granite,llm
928,0,emotion,Fear,valence,0.148716870004207,granite,llm
929,0,emotion,Fear,salience,0.0,granite,llm
930,0,emotion,Anger,valence,0.07615127347568819,granite,llm
931,0,emotion,Anger,salience,0.0,granite,llm
932,0,emotion,Happiness,valence,0.12287234042553191,granite,llm
933,0,emotion,Happiness,salience,0.0,granite,llm
934,0,mood,Sad,valence,0.10648596321393998,granite,llm
935,0,mood,Sad,salience,0.0,granite,llm
936,0,mood,Supportive,valence,0.20863309352517986,granite,llm
937,0,mood,Supportive,salience,0.0,granite,llm
938,0,mood,Loving,valence,0.14779874213836477,granite,llm
939,0,mood,Loving,salience,0.0,granite,llm
940,0,mood,Afraid,valence,0.09449636552440291,granite,llm
941,0,mood,Afraid,salience,0.0,granite,llm
942,0,mood,Lonely,valence,0.20804020100502513,granite,llm
943,0,mood,Lonely,salience,0.0,granite,llm
944,0,mood,Frustrated,valence,0.07476635514018691,granite,llm
945,0,mood,Frustrated,salience,0.0,granite,llm
946,0,mood,Caring,valence,0.1906779661016949,granite,llm
947,0,mood,Caring,salience,0.0,granite,llm
948,0,mood,Nervous,valence,0.23076923076923078,granite,llm
949,0,mood,Nervous,salience,0.0,granite,llm
950,0,mood,Furious,valence,0.08154943934760449,granite,llm
951,0,mood,Furious,salience,0.0,granite,llm
952,0,mood,Stressed,valence,0.12330198537095088,granite,llm
953,0,mood,Stressed,salience,0.0,granite,llm
954,0,mood,Anxious,valence,0.16012725344644752,granite,llm
955,0,mood,Anxious,salience,0.0,granite,llm
956,0,mood,Worried,valence,0.13717277486910995,granite,llm
957,0,mood,Worried,salience,0.0,granite,llm
958,0,mood,Happy,valence,0.11064718162839249,granite,llm
959,0,mood,Happy,salience,0.0,granite,llm
960,0,mood,Annoyed,valence,0.08127572016460906,granite,llm
961,0,mood,Annoyed,salience,0.0,granite,llm
962,0,mood,Excited,valence,0.13557483731019523,granite,llm
963,0,mood,Excited,salience,0.0,granite,llm
964,0,mood,Angry,valence,0.06694129763130793,granite,llm
965,0,mood,Angry,salience,0.0,granite,llm
966,1,sentiment,positive,valence,0.14362582781456953,granite,llm
967,1,sentiment,positive,salience,0.0,granite,llm
968,1,sentiment,negative,valence,0.07974613686534217,granite,llm
969,1,sentiment,negative,salience,0.0,granite,llm
970,1,emotion,Sadness,valence,0.1099375900144023,granite,llm
971,1,emotion,Sadness,salience,0.0,granite,llm
972,1,emotion,Affection,valence,0.17537826685006877,granite,llm
973,1,emotion,Affection,salience,0.0,granite,llm
974,1,emotion,Fear,valence,0.09855670103092784,granite,llm
975,1,emotion,Fear,salience,0.0,granite,llm
976,1,emotion,Anger,valence,0.04061944656004062,granite,llm
977,1,emotion,Anger,salience,0.0,granite,llm
978,1,emotion,Happiness,valence,0.09563409563409564,granite,llm
979,1,emotion,Happiness,salience,0.0,granite,llm
980,1,mood,Sad,valence,0.058931860036832415,granite,llm
981,1,mood,Sad,salience,0.0,granite,llm
982,1,mood,Supportive,valence,0.2024793388429752,granite,llm
983,1,mood,Supportive,salience,0.0,granite,llm
984,1,mood,Loving,valence,0.13496932515337423,granite,llm
985,1,mood,Loving,salience,0.0,granite,llm
986,1,mood,Afraid,valence,0.05918367346938776,granite,llm
987,1,mood,Afraid,salience,0.0,granite,llm
988,1,mood,Lonely,valence,0.16549648946840523,granite,llm
989,1,mood,Lonely,salience,0.0,granite,llm
990,1,mood,Frustrated,valence,0.04536290322580645,granite,llm
991,1,mood,Frustrated,salience,0.0,granite,llm
992,1,mood,Caring,valence,0.1891891891891892,granite,llm
993,1,mood,Caring,salience,0.0,granite,llm
994,1,mood,Nervous,valence,0.15734989648033126,granite,llm
995,1,mood,Nervous,salience,0.0,granite,llm
996,1,mood,Furious,valence,0.029561671763506627,granite,llm
997,1,mood,Furious,salience,0.0,granite,llm
998,1,mood,Stressed,valence,0.07415036045314109,granite,llm
999,1,mood,Stressed,salience,0.0,granite,llm
1000,1,mood,Anxious,valence,0.09938524590163934,granite,llm
1001,1,mood,Anxious,salience,0.0,granite,llm
1002,1,mood,Worried,valence,0.10344827586206896,granite,llm
1003,1,mood,Worried,salience,0.0,granite,llm
1004,1,mood,Happy,valence,0.08996897621509824,granite,llm
1005,1,mood,Happy,salience,0.0,granite,llm
1006,1,mood,Annoyed,valence,0.06020408163265306,granite,llm
1007,1,mood,Annoyed,salience,0.0,granite,llm
1008,1,mood,Excited,valence,0.1013584117032393,granite,llm
1009,1,mood,Excited,salience,0.0,granite,llm
1010,1,mood,Angry,valence,0.02738336713995943,granite,llm
1011,1,mood,Angry,salience,0.0,granite,llm
1012,0,sentiment,positive,valence,0.2990961380443714,pysentimiento_emo,ml
1013,0,sentiment,positive,salience,0.7023207119176409,pysentimiento_emo,ml
1014,0,sentiment,negative,valence,0.04349593495934959,pysentimiento_emo,ml
1015,0,sentiment,negative,salience,0.551980198019802,pysentimiento_emo,ml
1016,0,emotion,Sadness,valence,0.04570293094883259,pysentimiento_emo,ml
1017,0,emotion,Sadness,salience,0.5582892618992872,pysentimiento_emo,ml
1018,0,emotion,Affection,valence,0.39105339105339104,pysentimiento_emo,ml
1019,0,emotion,Affection,salience,0.7606352807714124,pysentimiento_emo,ml
1020,0,emotion,Fear,valence,0.053933696190004946,pysentimiento_emo,ml
1021,0,emotion,Fear,salience,0.557202408522464,pysentimiento_emo,ml
1022,0,emotion,Anger,valence,0.021005251312828207,pysentimiento_emo,ml
1023,0,emotion,Anger,salience,0.5237226277372263,pysentimiento_emo,ml
1024,0,emotion,Happiness,valence,0.17748091603053434,pysentimiento_emo,ml
1025,0,emotion,Happiness,salience,0.6090702947845805,pysentimiento_emo,ml
1026,0,mood,Sad,valence,0.044616519174041296,pysentimiento_emo,ml
1027,0,mood,Sad,salience,0.5200074101519081,pysentimiento_emo,ml
1028,0,mood,Supportive,valence,0.4624017957351291,pysentimiento_emo,ml
1029,0,mood,Supportive,salience,0.8125978090766823,pysentimiento_emo,ml
1030,0,mood,Loving,valence,0.23275862068965517,pysentimiento_emo,ml
1031,0,mood,Loving,salience,0.5672609400324149,pysentimiento_emo,ml
1032,0,mood,Afraid,valence,0.017142857142857144,pysentimiento_emo,ml
1033,0,mood,Afraid,salience,0.4513556618819777,pysentimiento_emo,ml
1034,0,mood,Lonely,valence,0.04794520547945205,pysentimiento_emo,ml
1035,0,mood,Lonely,salience,0.6209090909090909,pysentimiento_emo,ml
1036,0,mood,Frustrated,valence,0.024096385542168676,pysentimiento_emo,ml
1037,0,mood,Frustrated,salience,0.5879959308240081,pysentimiento_emo,ml
1038,0,mood,Caring,valence,0.3333333333333333,pysentimiento_emo,ml
1039,0,mood,Caring,salience,0.7223796033994334,pysentimiento_emo,ml
1040,0,mood,Nervous,valence,0.10847457627118644,pysentimiento_emo,ml
1041,0,mood,Nervous,salience,0.5751211631663974,pysentimiento_emo,ml
1042,0,mood,Furious,valence,0.009216589861751152,pysentimiento_emo,ml
1043,0,mood,Furious,salience,0.45012787723785164,pysentimiento_emo,ml
1044,0,mood,Stressed,valence,0.044921875,pysentimiento_emo,ml
1045,0,mood,Stressed,salience,0.6088,pysentimiento_emo,ml
1046,0,mood,Anxious,valence,0.06518010291595197,pysentimiento_emo,ml
1047,0,mood,Anxious,salience,0.5608380338436745,pysentimiento_emo,ml
1048,0,mood,Worried,valence,0.03558718861209965,pysentimiento_emo,ml
1049,0,mood,Worried,salience,0.5335628227194492,pysentimiento_emo,ml
1050,0,mood,Happy,valence,0.19010123734533182,pysentimiento_emo,ml
1051,0,mood,Happy,salience,0.6129032258064516,pysentimiento_emo,ml
1052,0,mood,Annoyed,valence,0.02912621359223301,pysentimiento_emo,ml
1053,0,mood,Annoyed,salience,0.53198127925117,pysentimiento_emo,ml
1054,0,mood,Excited,valence,0.1069182389937107,pysentimiento_emo,ml
1055,0,mood,Excited,salience,0.5884057971014492,pysentimiento_emo,ml
1056,0,mood,Angry,valence,0.017857142857142856,pysentimiento_emo,ml
1057,0,mood,Angry,salience,0.4689655172413793,pysentimiento_emo,ml
1058,1,sentiment,positive,valence,0.23670432626067786,pysentimiento_emo,ml
1059,1,sentiment,positive,salience,0.618168033634296,pysentimiento_emo,ml
1060,1,sentiment,negative,valence,0.03037803780378038,pysentimiento_emo,ml
1061,1,sentiment,negative,salience,0.499718038877463,pysentimiento_emo,ml
1062,1,emotion,Sadness,valence,0.030851910828025478,pysentimiento_emo,ml
1063,1,emotion,Sadness,salience,0.5088267930999697,pysentimiento_emo,ml
1064,1,emotion,Affection,valence,0.3252804141501294,pysentimiento_emo,ml
1065,1,emotion,Affection,salience,0.7019817073170732,pysentimiento_emo,ml
1066,1,emotion,Fear,valence,0.03600377002827521,pysentimiento_emo,ml
1067,1,emotion,Fear,salience,0.488932194073852,pysentimiento_emo,ml
1068,1,emotion,Anger,valence,0.01806118687799484,pysentimiento_emo,ml
1069,1,emotion,Anger,salience,0.49449715370018976,pysentimiento_emo,ml
1070,1,emotion,Happiness,valence,0.15524993387992594,pysentimiento_emo,ml
1071,1,emotion,Happiness,salience,0.5187584752147054,pysentimiento_emo,ml
1072,1,mood,Sad,valence,0.02871939736346516,pysentimiento_emo,ml
1073,1,mood,Sad,salience,0.4855104992767719,pysentimiento_emo,ml
1074,1,mood,Supportive,valence,0.36668334167083544,pysentimiento_emo,ml
1075,1,mood,Supportive,salience,0.7535526571929142,pysentimiento_emo,ml
1076,1,mood,Loving,valence,0.24694835680751173,pysentimiento_emo,ml
1077,1,mood,Loving,salience,0.5549389567147613,pysentimiento_emo,ml
1078,1,mood,Afraid,valence,0.011669203450025367,pysentimiento_emo,ml
1079,1,mood,Afraid,salience,0.37743688079258547,pysentimiento_emo,ml
1080,1,mood,Lonely,valence,0.03593890386343217,pysentimiento_emo,ml
1081,1,mood,Lonely,salience,0.5570691434468524,pysentimiento_emo,ml
1082,1,mood,Frustrated,valence,0.022340425531914895,pysentimiento_emo,ml
1083,1,mood,Frustrated,salience,0.5436941410129096,pysentimiento_emo,ml
1084,1,mood,Caring,valence,0.3268765133171913,pysentimiento_emo,ml
1085,1,mood,Caring,salience,0.7020364415862809,pysentimiento_emo,ml
1086,1,mood,Nervous,valence,0.07223796033994334,pysentimiento_emo,ml
1087,1,mood,Nervous,salience,0.5265630646910011,pysentimiento_emo,ml
1088,1,mood,Furious,valence,0.009536784741144414,pysentimiento_emo,ml
1089,1,mood,Furious,salience,0.4220985691573927,pysentimiento_emo,ml
1090,1,mood,Stressed,valence,0.03568716780561883,pysentimiento_emo,ml
1091,1,mood,Stressed,salience,0.5645465455168867,pysentimiento_emo,ml
1092,1,mood,Anxious,valence,0.04334460498001844,pysentimiento_emo,ml
1093,1,mood,Anxious,salience,0.47591781744695183,pysentimiento_emo,ml
1094,1,mood,Worried,valence,0.016417910447761194,pysentimiento_emo,ml
1095,1,mood,Worried,salience,0.4381926683716965,pysentimiento_emo,ml
1096,1,mood,Happy,valence,0.1678832116788321,pysentimiento_emo,ml
1097,1,mood,Happy,salience,0.5268817204301075,pysentimiento_emo,ml
1098,1,mood,Annoyed,valence,0.023026315789473683,pysentimiento_emo,ml
1099,1,mood,Annoyed,salience,0.4993678887484197,pysentimiento_emo,ml
1100,1,mood,Excited,valence,0.10560625814863103,pysentimiento_emo,ml
1101,1,mood,Excited,salience,0.4865269461077844,pysentimiento_emo,ml
1102,1,mood,Angry,valence,0.013157894736842105,pysentimiento_emo,ml
1103,1,mood,Angry,salience,0.45331482124262407,pysentimiento_emo,ml
1104,0,sentiment,positive,valence,0.5332667997338656,nrc,dictionary
1105,0,sentiment,positive,salience,0.1374116200430372,nrc,dictionary
1106,0,sentiment,negative,valence,0.25406164337768267,nrc,dictionary
1107,0,sentiment,negative,salience,0.09122749857457034,nrc,dictionary
1108,0,emotion,Sadness,valence,0.2543087863083042,nrc,dictionary
1109,0,emotion,Sadness,salience,0.08638511518015357,nrc,dictionary
1110,0,emotion,Affection,valence,0.5308804204993429,nrc,dictionary
1111,0,emotion,Affection,salience,0.12841796875,nrc,dictionary
1112,0,emotion,Fear,valence,0.2577952369260987,nrc,dictionary
1113,0,emotion,Fear,salience,0.10482676932188333,nrc,dictionary
1114,0,emotion,Anger,valence,0.24739080015461926,nrc,dictionary
1115,0,emotion,Anger,salience,0.08505639097744361,nrc,dictionary
1116,0,emotion,Happiness,valence,0.5373810602628002,nrc,dictionary
1117,0,emotion,Happiness,salience,0.15269709543568466,nrc,dictionary
1118,0,mood,Sad,valence,0.23486024844720496,nrc,dictionary
1119,0,mood,Sad,salience,0.08517057321884428,nrc,dictionary
1120,0,mood,Supportive,valence,0.5515129682997119,nrc,dictionary
1121,0,mood,Supportive,salience,0.1336116910229645,nrc,dictionary
1122,0,mood,Loving,valence,0.4573170731707317,nrc,dictionary
1123,0,mood,Loving,salience,0.10552763819095477,nrc,dictionary
1124,0,mood,Afraid,valence,0.23129251700680273,nrc,dictionary
1125,0,mood,Afraid,salience,0.09054325955734406,nrc,dictionary
1126,0,mood,Lonely,valence,0.2861685214626391,nrc,dictionary
1127,0,mood,Lonely,salience,0.08850994721883881,nrc,dictionary
1128,0,mood,Frustrated,valence,0.2532608695652174,nrc,dictionary
1129,0,mood,Frustrated,salience,0.09605263157894736,nrc,dictionary
1130,0,mood,Caring,valence,0.5067024128686327,nrc,dictionary
1131,0,mood,Caring,salience,0.13615023474178403,nrc,dictionary
1132,0,mood,Nervous,valence,0.3262786596119929,nrc,dictionary
1133,0,mood,Nervous,salience,0.18025751072961374,nrc,dictionary
1134,0,mood,Furious,valence,0.23655913978494625,nrc,dictionary
1135,0,mood,Furious,salience,0.06885245901639345,nrc,dictionary
1136,0,mood,Stressed,valence,0.260149130074565,nrc,dictionary
1137,0,mood,Stressed,salience,0.06882168925964546,nrc,dictionary
1138,0,mood,Anxious,valence,0.2309666381522669,nrc,dictionary
1139,0,mood,Anxious,salience,0.10901883052527254,nrc,dictionary
1140,0,mood,Worried,valence,0.26752767527675275,nrc,dictionary
1141,0,mood,Worried,salience,0.10986547085201794,nrc,dictionary
1142,0,mood,Happy,valence,0.535031847133758,nrc,dictionary
1143,0,mood,Happy,salience,0.14201762977473065,nrc,dictionary
1144,0,mood,Annoyed,valence,0.27586206896551724,nrc,dictionary
1145,0,mood,Annoyed,salience,0.08506224066390042,nrc,dictionary
1146,0,mood,Excited,valence,0.5510835913312694,nrc,dictionary
1147,0,mood,Excited,salience,0.21195652173913043,nrc,dictionary
1148,0,mood,Angry,valence,0.22011661807580174,nrc,dictionary
1149,0,mood,Angry,salience,0.07917383820998279,nrc,dictionary
1150,1,sentiment,positive,valence,0.48802910052910053,nrc,dictionary
1151,1,sentiment,positive,salience,0.1251130198915009,nrc,dictionary
1152,1,sentiment,negative,valence,0.2519782393669634,nrc,dictionary
1153,1,sentiment,negative,salience,0.0983798513976709,nrc,dictionary
1154,1,emotion,Sadness,valence,0.2509718001272175,nrc,dictionary
1155,1,emotion,Sadness,salience,0.0825036793351225,nrc,dictionary
1156,1,emotion,Affection,valence,0.48717345257707695,nrc,dictionary
1157,1,emotion,Affection,salience,0.10384536294468436,nrc,dictionary
1158,1,emotion,Fear,valence,0.2584731997834326,nrc,dictionary
1159,1,emotion,Fear,salience,0.12323154727610268,nrc,dictionary
1160,1,emotion,Anger,valence,0.2426888708367181,nrc,dictionary
1161,1,emotion,Anger,salience,0.0957807953443259,nrc,dictionary
1162,1,emotion,Happiness,valence,0.4891271519178496,nrc,dictionary
1163,1,emotion,Happiness,salience,0.15106649937264743,nrc,dictionary
1164,1,mood,Sad,valence,0.2416163736552086,nrc,dictionary
1165,1,mood,Sad,salience,0.08247619047619048,nrc,dictionary
1166,1,mood,Supportive,valence,0.5036983582897347,nrc,dictionary
1167,1,mood,Supportive,salience,0.10623781676413255,nrc,dictionary
1168,1,mood,Loving,valence,0.4492827868852459,nrc,dictionary
1169,1,mood,Loving,salience,0.09511784511784512,nrc,dictionary
1170,1,mood,Afraid,valence,0.22430555555555556,nrc,dictionary
1171,1,mood,Afraid,salience,0.10853950518754989,nrc,dictionary
1172,1,mood,Lonely,valence,0.2702585740560424,nrc,dictionary
1173,1,mood,Lonely,salience,0.08256256800870511,nrc,dictionary
1174,1,mood,Frustrated,valence,0.25133120340788073,nrc,dictionary
1175,1,mood,Frustrated,salience,0.10044785668586052,nrc,dictionary
1176,1,mood,Caring,valence,0.4695912263210369,nrc,dictionary
1177,1,mood,Caring,salience,0.10887772194304858,nrc,dictionary
1178,1,mood,Nervous,valence,0.3220747889022919,nrc,dictionary
1179,1,mood,Nervous,salience,0.18471953578336556,nrc,dictionary
1180,1,mood,Furious,valence,0.22766323024054982,nrc,dictionary
1181,1,mood,Furious,salience,0.101,nrc,dictionary
1182,1,mood,Stressed,valence,0.255878030859662,nrc,dictionary
1183,1,mood,Stressed,salience,0.10652845169827967,nrc,dictionary
1184,1,mood,Anxious,valence,0.24100980748274609,nrc,dictionary
1185,1,mood,Anxious,salience,0.12058080808080808,nrc,dictionary
1186,1,mood,Worried,valence,0.2819321876451463,nrc,dictionary
1187,1,mood,Worried,salience,0.12208972174900624,nrc,dictionary
1188,1,mood,Happy,valence,0.4820731933865874,nrc,dictionary
1189,1,mood,Happy,salience,0.1320049813200498,nrc,dictionary
1190,1,mood,Annoyed,valence,0.2641338760741746,nrc,dictionary
1191,1,mood,Annoyed,salience,0.10456796917996698,nrc,dictionary
1192,1,mood,Excited,valence,0.519774011299435,nrc,dictionary
1193,1,mood,Excited,salience,0.23027166882276842,nrc,dictionary
1194,1,mood,Angry,valence,0.21972764078027235,nrc,dictionary
1195,1,mood,Angry,salience,0.08026030368763558,nrc,dictionary
1196,0,sentiment,positive,valence,0.13326509723643806,qwen,llm
1197,0,sentiment,positive,salience,0.0,qwen,llm
1198,0,sentiment,negative,valence,0.16326530612244897,qwen,llm
1199,0,sentiment,negative,salience,0.0,qwen,llm
1200,0,emotion,Sadness,valence,0.21796116504854368,qwen,llm
1201,0,emotion,Sadness,salience,0.0,qwen,llm
1202,0,emotion,Affection,valence,0.1539509536784741,qwen,llm
1203,0,emotion,Affection,salience,0.0,qwen,llm
1204,0,emotion,Fear,valence,0.18920024544896707,qwen,llm
1205,0,emotion,Fear,salience,0.0,qwen,llm
1206,0,emotion,Anger,valence,0.1023161109697124,qwen,llm
1207,0,emotion,Anger,salience,0.0,qwen,llm
1208,0,emotion,Happiness,valence,0.10210364289379169,qwen,llm
1209,0,emotion,Happiness,salience,0.0,qwen,llm
1210,0,mood,Sad,valence,0.16714422158548234,qwen,llm
1211,0,mood,Sad,salience,0.0,qwen,llm
1212,0,mood,Supportive,valence,0.17269076305220885,qwen,llm
1213,0,mood,Supportive,salience,0.0,qwen,llm
1214,0,mood,Loving,valence,0.12332990750256938,qwen,llm
1215,0,mood,Loving,salience,0.0,qwen,llm
1216,0,mood,Afraid,valence,0.12207527975584945,qwen,llm
1217,0,mood,Afraid,salience,0.0,qwen,llm
1218,0,mood,Lonely,valence,0.2704837117472853,qwen,llm
1219,0,mood,Lonely,salience,0.0,qwen,llm
1220,0,mood,Frustrated,valence,0.10612244897959183,qwen,llm
1221,0,mood,Frustrated,salience,0.0,qwen,llm
1222,0,mood,Caring,valence,0.1654601861427094,qwen,llm
1223,0,mood,Caring,salience,0.0,qwen,llm
1224,0,mood,Nervous,valence,0.2839632277834525,qwen,llm
1225,0,mood,Nervous,salience,0.0,qwen,llm
1226,0,mood,Furious,valence,0.11347517730496454,qwen,llm
1227,0,mood,Furious,salience,0.0,qwen,llm
1228,0,mood,Stressed,valence,0.15329218106995884,qwen,llm
1229,0,mood,Stressed,salience,0.0,qwen,llm
1230,0,mood,Anxious,valence,0.19773429454170957,qwen,llm
1231,0,mood,Anxious,salience,0.0,qwen,llm
1232,0,mood,Worried,valence,0.18902439024390244,qwen,llm
1233,0,mood,Worried,salience,0.0,qwen,llm
1234,0,mood,Happy,valence,0.09455292908530319,qwen,llm
1235,0,mood,Happy,salience,0.0,qwen,llm
1236,0,mood,Annoyed,valence,0.11009174311926606,qwen,llm
1237,0,mood,Annoyed,salience,0.0,qwen,llm
1238,0,mood,Excited,valence,0.1096311475409836,qwen,llm
1239,0,mood,Excited,salience,0.0,qwen,llm
1240,0,mood,Angry,valence,0.07951070336391437,qwen,llm
1241,0,mood,Angry,salience,0.0,qwen,llm
1242,1,sentiment,positive,valence,0.10944466963923793,qwen,llm
1243,1,sentiment,positive,salience,0.0,qwen,llm
1244,1,sentiment,negative,valence,0.11364669515410492,qwen,llm
1245,1,sentiment,negative,salience,0.0,qwen,llm
1246,1,emotion,Sadness,valence,0.15267175572519084,qwen,llm
1247,1,emotion,Sadness,salience,0.0,qwen,llm
1248,1,emotion,Affection,valence,0.1297554347826087,qwen,llm
1249,1,emotion,Affection,salience,0.0,qwen,llm
1250,1,emotion,Fear,valence,0.13840550384459732,qwen,llm
1251,1,emotion,Fear,salience,0.0,qwen,llm
1252,1,emotion,Anger,valence,0.062105528906841706,qwen,llm
1253,1,emotion,Anger,salience,0.0,qwen,llm
1254,1,emotion,Happiness,valence,0.07939698492462312,qwen,llm
1255,1,emotion,Happiness,salience,0.0,qwen,llm
1256,1,mood,Sad,valence,0.09174311926605505,qwen,llm
1257,1,mood,Sad,salience,0.0,qwen,llm
1258,1,mood,Supportive,valence,0.13617886178861788,qwen,llm
1259,1,mood,Supportive,salience,0.0,qwen,llm
1260,1,mood,Loving,valence,0.09605662285136501,qwen,llm
1261,1,mood,Loving,salience,0.0,qwen,llm
1262,1,mood,Afraid,valence,0.08105369807497467,qwen,llm
1263,1,mood,Afraid,salience,0.0,qwen,llm
1264,1,mood,Lonely,valence,0.21868787276341947,qwen,llm
1265,1,mood,Lonely,salience,0.0,qwen,llm
1266,1,mood,Frustrated,valence,0.07422266800401203,qwen,llm
1267,1,mood,Frustrated,salience,0.0,qwen,llm
1268,1,mood,Caring,valence,0.15756951596292482,qwen,llm
1269,1,mood,Caring,salience,0.0,qwen,llm
1270,1,mood,Nervous,valence,0.21052631578947367,qwen,llm
1271,1,mood,Nervous,salience,0.0,qwen,llm
1272,1,mood,Furious,valence,0.05167173252279635,qwen,llm
1273,1,mood,Furious,salience,0.0,qwen,llm
1274,1,mood,Stressed,valence,0.11483739837398374,qwen,llm
1275,1,mood,Stressed,salience,0.0,qwen,llm
1276,1,mood,Anxious,valence,0.1334002006018054,qwen,llm
1277,1,mood,Anxious,salience,0.0,qwen,llm
1278,1,mood,Worried,valence,0.15212981744421908,qwen,llm
1279,1,mood,Worried,salience,0.0,qwen,llm
1280,1,mood,Happy,valence,0.0755287009063444,qwen,llm
1281,1,mood,Happy,salience,0.0,qwen,llm
1282,1,mood,Annoyed,valence,0.07987866531850354,qwen,llm
1283,1,mood,Annoyed,salience,0.0,qwen,llm
1284,1,mood,Excited,valence,0.08324974924774323,qwen,llm
1285,1,mood,Excited,salience,0.0,qwen,llm
1286,1,mood,Angry,valence,0.04251012145748988,qwen,llm
1287,1,mood,Angry,salience,0.0,qwen,llm
1288,0,sentiment,positive,valence,0.25827270954965675,liwc,dictionary
1289,0,sentiment,positive,salience,0.0,liwc,dictionary
1290,0,sentiment,negative,valence,0.3343083024080357,liwc,dictionary
1291,0,sentiment,negative,salience,0.0,liwc,dictionary
1292,0,emotion,Sadness,valence,0.3605664205397496,liwc,dictionary
1293,0,emotion,Sadness,salience,0.0,liwc,dictionary
1294,0,emotion,Affection,valence,0.28394443052423507,liwc,dictionary
1295,0,emotion,Affection,salience,0.0,liwc,dictionary
1296,0,emotion,Fear,valence,0.3045165934037685,liwc,dictionary
1297,0,emotion,Fear,salience,0.0,liwc,dictionary
1298,0,emotion,Anger,valence,0.2715159008173638,liwc,dictionary
1299,0,emotion,Anger,salience,0.0,liwc,dictionary
1300,0,emotion,Happiness,valence,0.1862924944381562,liwc,dictionary
1301,0,emotion,Happiness,salience,0.0,liwc,dictionary
1302,0,mood,Sad,valence,0.3303773554176642,liwc,dictionary
1303,0,mood,Sad,salience,0.0,liwc,dictionary
1304,0,mood,Supportive,valence,0.332962191993029,liwc,dictionary
1305,0,mood,Supportive,salience,0.0,liwc,dictionary
1306,0,mood,Loving,valence,0.17004095287535329,liwc,dictionary
1307,0,mood,Loving,salience,0.0,liwc,dictionary
1308,0,mood,Afraid,valence,0.2610885992771876,liwc,dictionary
1309,0,mood,Afraid,salience,0.0,liwc,dictionary
1310,0,mood,Lonely,valence,0.4135904000457686,liwc,dictionary
1311,0,mood,Lonely,salience,0.0,liwc,dictionary
1312,0,mood,Frustrated,valence,0.29167452089224005,liwc,dictionary
1313,0,mood,Frustrated,salience,0.0,liwc,dictionary
1314,0,mood,Caring,valence,0.2801243649048305,liwc,dictionary
1315,0,mood,Caring,salience,0.0,liwc,dictionary
1316,0,mood,Nervous,valence,0.38201584358671836,liwc,dictionary
1317,0,mood,Nervous,salience,0.0,liwc,dictionary
1318,0,mood,Furious,valence,0.2343065693430657,liwc,dictionary
1319,0,mood,Furious,salience,0.0,liwc,dictionary
1320,0,mood,Stressed,valence,0.2951801217443369,liwc,dictionary
1321,0,mood,Stressed,salience,0.0,liwc,dictionary
1322,0,mood,Anxious,valence,0.29110878255132533,liwc,dictionary
1323,0,mood,Anxious,salience,0.0,liwc,dictionary
1324,0,mood,Worried,valence,0.3308093555443379,liwc,dictionary
1325,0,mood,Worried,salience,0.0,liwc,dictionary
1326,0,mood,Happy,valence,0.17209930754940045,liwc,dictionary
1327,0,mood,Happy,salience,0.0,liwc,dictionary
1328,0,mood,Annoyed,valence,0.2945551919071705,liwc,dictionary
1329,0,mood,Annoyed,salience,0.0,liwc,dictionary
1330,0,mood,Excited,valence,0.21837617714431154,liwc,dictionary
1331,0,mood,Excited,salience,0.0,liwc,dictionary
1332,0,mood,Angry,valence,0.22324055216112243,liwc,dictionary
1333,0,mood,Angry,salience,0.0,liwc,dictionary
1334,1,sentiment,positive,valence,0.2261873855415769,liwc,dictionary
1335,1,sentiment,positive,salience,0.0,liwc,dictionary
1336,1,sentiment,negative,valence,0.2723226090122977,liwc,dictionary
1337,1,sentiment,negative,salience,0.0,liwc,dictionary
1338,1,emotion,Sadness,valence,0.30582572020447396,liwc,dictionary
1339,1,emotion,Sadness,salience,0.0,liwc,dictionary
1340,1,emotion,Affection,valence,0.260643020701902,liwc,dictionary
1341,1,emotion,Affection,salience,0.0,liwc,dictionary
1342,1,emotion,Fear,valence,0.23933245954162344,liwc,dictionary
1343,1,emotion,Fear,salience,0.0,liwc,dictionary
1344,1,emotion,Anger,valence,0.23488302283259227,liwc,dictionary
1345,1,emotion,Anger,salience,0.0,liwc,dictionary
1346,1,emotion,Happiness,valence,0.1743759113187991,liwc,dictionary
1347,1,emotion,Happiness,salience,0.0,liwc,dictionary
1348,1,mood,Sad,valence,0.2846910742896212,liwc,dictionary
1349,1,mood,Sad,salience,0.0,liwc,dictionary
1350,1,mood,Supportive,valence,0.3163502059756617,liwc,dictionary
1351,1,mood,Supportive,salience,0.0,liwc,dictionary
1352,1,mood,Loving,valence,0.17464133089133088,liwc,dictionary
1353,1,mood,Loving,salience,0.0,liwc,dictionary
1354,1,mood,Afraid,valence,0.1984636669626448,liwc,dictionary
1355,1,mood,Afraid,salience,0.0,liwc,dictionary
1356,1,mood,Lonely,valence,0.3611788310931803,liwc,dictionary
1357,1,mood,Lonely,salience,0.0,liwc,dictionary
1358,1,mood,Frustrated,valence,0.2541212211763534,liwc,dictionary
1359,1,mood,Frustrated,salience,0.0,liwc,dictionary
1360,1,mood,Caring,valence,0.25486880466472306,liwc,dictionary
1361,1,mood,Caring,salience,0.0,liwc,dictionary
1362,1,mood,Nervous,valence,0.310997766443311,liwc,dictionary
1363,1,mood,Nervous,salience,0.0,liwc,dictionary
1364,1,mood,Furious,valence,0.1823279370534503,liwc,dictionary
1365,1,mood,Furious,salience,0.0,liwc,dictionary
1366,1,mood,Stressed,valence,0.24474398101051204,liwc,dictionary
1367,1,mood,Stressed,salience,0.0,liwc,dictionary
1368,1,mood,Anxious,valence,0.22565373930159838,liwc,dictionary
1369,1,mood,Anxious,salience,0.0,liwc,dictionary
1370,1,mood,Worried,valence,0.2680207399321664,liwc,dictionary
1371,1,mood,Worried,salience,0.0,liwc,dictionary
1372,1,mood,Happy,valence,0.171052937214002,liwc,dictionary
1373,1,mood,Happy,salience,0.0,liwc,dictionary
1374,1,mood,Annoyed,valence,0.25942534462713834,liwc,dictionary
1375,1,mood,Annoyed,salience,0.0,liwc,dictionary
1376,1,mood,Excited,valence,0.1846885813148789,liwc,dictionary
1377,1,mood,Excited,salience,0.0,liwc,dictionary
1378,1,mood,Angry,valence,0.1789107522973885,liwc,dictionary
1379,1,mood,Angry,salience,0.0,liwc,dictionary
1380,0,sentiment,positive,valence,0.16587872559095582,llama70,llm
1381,0,sentiment,positive,salience,0.0,llama70,llm
1382,0,sentiment,negative,valence,0.11343591668230438,llama70,llm
1383,0,sentiment,negative,salience,0.0,llama70,llm
1384,0,emotion,Sadness,valence,0.14207650273224043,llama70,llm
1385,0,emotion,Sadness,salience,0.0,llama70,llm
1386,0,emotion,Affection,valence,0.19263552676440504,llama70,llm
1387,0,emotion,Affection,salience,0.0,llama70,llm
1388,0,emotion,Fear,valence,0.1384162990968284,llama70,llm
1389,0,emotion,Fear,salience,0.0,llama70,llm
1390,0,emotion,Anger,valence,0.06797116374871266,llama70,llm
1391,0,emotion,Anger,salience,0.0,llama70,llm
1392,0,emotion,Happiness,valence,0.12525879917184266,llama70,llm
1393,0,emotion,Happiness,salience,0.0,llama70,llm
1394,0,mood,Sad,valence,0.1,llama70,llm
1395,0,mood,Sad,salience,0.0,llama70,llm
1396,0,mood,Supportive,valence,0.2022132796780684,llama70,llm
1397,0,mood,Supportive,salience,0.0,llama70,llm
1398,0,mood,Loving,valence,0.16959669079627715,llama70,llm
1399,0,mood,Loving,salience,0.0,llama70,llm
1400,0,mood,Afraid,valence,0.08288482238966631,llama70,llm
1401,0,mood,Afraid,salience,0.0,llama70,llm
1402,0,mood,Lonely,valence,0.18529707955689828,llama70,llm
1403,0,mood,Lonely,salience,0.0,llama70,llm
1404,0,mood,Frustrated,valence,0.0703205791106515,llama70,llm
1405,0,mood,Frustrated,salience,0.0,llama70,llm
1406,0,mood,Caring,valence,0.205761316872428,llama70,llm
1407,0,mood,Caring,salience,0.0,llama70,llm
1408,0,mood,Nervous,valence,0.21227887617065558,llama70,llm
1409,0,mood,Nervous,salience,0.0,llama70,llm
1410,0,mood,Furious,valence,0.0804953560371517,llama70,llm
1411,0,mood,Furious,salience,0.0,llama70,llm
1412,0,mood,Stressed,valence,0.1037037037037037,llama70,llm
1413,0,mood,Stressed,salience,0.0,llama70,llm
1414,0,mood,Anxious,valence,0.15151515151515152,llama70,llm
1415,0,mood,Anxious,salience,0.0,llama70,llm
1416,0,mood,Worried,valence,0.1393188854489164,llama70,llm
1417,0,mood,Worried,salience,0.0,llama70,llm
1418,0,mood,Happy,valence,0.10640495867768596,llama70,llm
1419,0,mood,Happy,salience,0.0,llama70,llm
1420,0,mood,Annoyed,valence,0.06889564336372847,llama70,llm
1421,0,mood,Annoyed,salience,0.0,llama70,llm
1422,0,mood,Excited,valence,0.1441908713692946,llama70,llm
1423,0,mood,Excited,salience,0.0,llama70,llm
1424,0,mood,Angry,valence,0.05202913631633715,llama70,llm
1425,0,mood,Angry,salience,0.0,llama70,llm
1426,1,sentiment,positive,valence,0.13758116883116883,llama70,llm
1427,1,sentiment,positive,salience,0.0,llama70,llm
1428,1,sentiment,negative,valence,0.0777365491651206,llama70,llm
1429,1,sentiment,negative,salience,0.0,llama70,llm
1430,1,emotion,Sadness,valence,0.09672691744015632,llama70,llm
1431,1,emotion,Sadness,salience,0.0,llama70,llm
1432,1,emotion,Affection,valence,0.16632722335369993,llama70,llm
1433,1,emotion,Affection,salience,0.0,llama70,llm
1434,1,emotion,Fear,valence,0.1015932133250569,llama70,llm
1435,1,emotion,Fear,salience,0.0,llama70,llm
1436,1,emotion,Anger,valence,0.038205128205128204,llama70,llm
1437,1,emotion,Anger,salience,0.0,llama70,llm
1438,1,emotion,Happiness,valence,0.09485368314833502,llama70,llm
1439,1,emotion,Happiness,salience,0.0,llama70,llm
1440,1,mood,Sad,valence,0.04253308128544423,llama70,llm
1441,1,mood,Sad,salience,0.0,llama70,llm
1442,1,mood,Supportive,valence,0.17959183673469387,llama70,llm
1443,1,mood,Supportive,salience,0.0,llama70,llm
1444,1,mood,Loving,valence,0.13218970736629668,llama70,llm
1445,1,mood,Loving,salience,0.0,llama70,llm
1446,1,mood,Afraid,valence,0.06349206349206349,llama70,llm
1447,1,mood,Afraid,salience,0.0,llama70,llm
1448,1,mood,Lonely,valence,0.15470171890798787,llama70,llm
1449,1,mood,Lonely,salience,0.0,llama70,llm
1450,1,mood,Frustrated,valence,0.04526748971193416,llama70,llm
1451,1,mood,Frustrated,salience,0.0,llama70,llm
1452,1,mood,Caring,valence,0.18769230769230769,llama70,llm
1453,1,mood,Caring,salience,0.0,llama70,llm
1454,1,mood,Nervous,valence,0.14271047227926079,llama70,llm
1455,1,mood,Nervous,salience,0.0,llama70,llm
1456,1,mood,Furious,valence,0.027950310559006212,llama70,llm
1457,1,mood,Furious,salience,0.0,llama70,llm
1458,1,mood,Stressed,valence,0.07867494824016563,llama70,llm
1459,1,mood,Stressed,salience,0.0,llama70,llm
1460,1,mood,Anxious,valence,0.10747185261003071,llama70,llm
1461,1,mood,Anxious,salience,0.0,llama70,llm
1462,1,mood,Worried,valence,0.11431513903192585,llama70,llm
1463,1,mood,Worried,salience,0.0,llama70,llm
1464,1,mood,Happy,valence,0.08181818181818182,llama70,llm
1465,1,mood,Happy,salience,0.0,llama70,llm
1466,1,mood,Annoyed,valence,0.05482233502538071,llama70,llm
1467,1,mood,Annoyed,salience,0.0,llama70,llm
1468,1,mood,Excited,valence,0.10786290322580645,llama70,llm
1469,1,mood,Excited,salience,0.0,llama70,llm
1470,1,mood,Angry,valence,0.02456499488229273,llama70,llm
1471,1,mood,Angry,salience,0.0,llama70,llm
